District,TotHh,TotHhPop,GroupPop,HhPerCapInc
13013180103,1733,4793,0,23389.05
13013180104,753,2158,0,24431.74
13013180105,1019,3045,0,20725.32
13013180106,1276,3704,0,22098.25
13013180107,1492,4296,0,19805.13
13013180108,1167,3184,0,25444.75
13013180203,1500,4019,0,18230.29
13013180204,1040,2488,0,17360.75
13013180205,1746,4360,0,19283.29
13013180206,1196,2759,0,23304.26
13013180301,791,2044,0,21870.32
13013180302,2060,5487,0,23236.89
13013180303,1596,4423,0,22911.21
13013180401,1960,5179,0,20854.85
13013180402,2499,6500,0,19638.4
13013180501,1958,5709,0,26306.36
13013180502,1864,5028,0,22544.11
13013180503,1782,5312,0,20834.01
13015960101,849,2211,0,21128.73
13015960102,3867,10812,0,24550.28
13015960200,4856,12675,0,20386.72
13015960300,2757,7465,0,21303.32
13015960401,3573,9009,0,18404.22
13015960402,3262,8865,0,25142.33
13015960500,3014,7745,0,22058.71
13015960600,3840,9580,0,22752.41
13015960700,2966,7230,0,18618.7
13015960801,1411,3800,0,24179.29
13015960802,1274,3447,0,22801.39
13015960803,2085,5622,0,20383.11
13015960901,1175,3255,0,21621.43
13015960902,2515,7297,0,23480.03
13015961000,3465,10056,0,21926.95
13045910101,2335,6097,0,15070.11
13045910103,1846,4789,0,23528.22
13045910104,3223,8948,0,19639
13045910200,4393,12004,0,20261.16
13045910300,2435,6446,0,22047.3
13045910400,1806,4456,0,21243.81
13045910501,2552,7153,0,18734.17
13045910502,1279,3292,0,11496.69
13045910600,2256,5557,0,21419.7
13045910701,3062,8438,0,20542.69
13045910702,2969,7638,0,25426.05
13045910703,3106,8153,0,22432.24
13045910800,1783,4781,0,21119.1
13045910900,1778,4853,0,20372.64
13045911000,2512,6399,0,19667.93
13045911100,3211,7353,0,26991.21
13045911200,2588,6385,0,19157.78
13057090100,3621,9698,0,24010.64
13057090200,3349,8516,0,25450.2
13057090300,4661,12663,0,28258.07
13057090400,3927,9760,0,18594.04
13057090501,2324,6086,0,23537.65
13057090502,4917,13238,0,30685.26
13057090601,2536,6930,0,20268.94
13057090602,3524,9572,0,23551.29
13057090701,7316,17882,0,36377.93
13057090702,2887,7957,0,26280.79
13057090802,2696,7557,0,34199.55
13057090803,3284,9726,0,26256.57
13057090804,3244,9471,0,32123.39
13057090901,2910,8061,0,29252.38
13057090902,5822,14944,0,32677.36
13057090904,3032,8008,0,25766.78
13057090905,1875,4395,0,30846.43
13057091001,1958,5004,0,27235.09
13057091003,2994,8881,0,25497.82
13057091005,2805,7501,0,30022.91
13057091006,1661,4951,0,38147.74
13057091007,2247,6492,0,35962.15
13057091008,3231,9116,0,42075.69
13057091101,2328,6533,0,32101.42
13057091102,3184,8986,0,25230.56
13057091103,3401,9905,0,24309.73
13063040202,1073,3121,0,16492.68
13063040203,1565,3714,0,19045.62
13063040204,1762,3912,0,14242.44
13063040302,1730,5219,0,11426.18
13063040303,2477,7283,0,12262.65
13063040306,1385,4157,0,19605.85
13063040307,1377,4180,0,18439.82
13063040308,1673,4747,0,12445.13
13063040407,1393,3672,0,16905.18
13063040408,2629,7367,0,20704.32
13063040409,1949,5898,0,18367.87
13063040410,2328,6911,0,90159.14
13063040411,4288,12475,0,22963.8
13063040412,2881,7269,0,12991.18
13063040413,2347,6825,0,20459.96
13063040414,613,1752,0,23082.12
13063040415,2218,5884,0,19403.57
13063040416,1068,3375,0,12186.72
13063040417,1884,5506,0,20360.62
13063040509,1711,4668,0,25261.3
13063040510,1355,3721,0,19604.22
13063040512,1947,5120,0,24095.82
13063040513,1811,5419,0,22835.97
13063040514,2633,6895,0,21232.86
13063040515,2463,6501,0,21629.72
13063040516,2329,6115,0,19126.17
13063040518,1596,5196,0,14694.71
13063040519,2120,4006,0,23040.64
13063040520,1798,3710,0,27912.11
13063040521,1254,3706,0,20608.82
13063040522,1974,5280,0,18486.58
13063040523,1042,3053,0,18261.92
13063040524,2413,6831,0,18419.34
13063040525,956,2870,0,19492.36
13063040526,2073,5833,0,19918.11
13063040606,1190,2927,0,21503.97
13063040608,3985,11395,0,30213.24
13063040609,2452,6446,0,23536.36
13063040611,2543,6250,0,17714.39
13063040612,1890,5231,0,24178.56
13063040613,2853,8192,0,27464.7
13063040614,1877,5189,0,34511.38
13063040615,642,1881,0,10952.14
13063040616,3299,8220,0,14747.03
13063040617,474,1397,0,15018.58
13063040619,980,2915,0,20242.49
13063040620,1171,3301,0,28056.72
13063040621,3044,9301,0,20504.75
13063040622,2382,7102,0,21739.51
13063980000,4,26,0,10060.02
13067030101,2820,7798,0,28515.26
13067030103,3349,9145,0,29396.37
13067030104,1650,4035,0,24170.03
13067030106,2658,6395,0,29439.33
13067030107,1586,4449,0,40895.71
13067030209,2658,7321,0,33800.72
13067030214,2876,8456,0,31291.09
13067030215,3106,9221,0,28792.6
13067030218,1581,4954,0,37330.98
13067030219,3083,9735,0,37590.59
13067030220,630,1729,0,22594.99
13067030222,2085,6169,0,37998.32
13067030223,2445,6198,0,34640.89
13067030224,2308,5940,0,33919.9
13067030226,3707,9528,0,29934.14
13067030227,2978,7358,0,33787.67
13067030228,3574,8006,0,26473.8
13067030229,1515,3468,0,19437.58
13067030230,5337,12976,0,30441.39
13067030231,3150,8315,0,41109.36
13067030232,2036,6219,0,32877.48
13067030233,1659,5005,0,41700.22
13067030234,1790,5503,0,36526.41
13067030235,1919,5893,0,37542.28
13067030236,1413,4786,0,38204.61
13067030238,2048,6698,0,35443.24
13067030239,2684,8184,0,40188.6
13067030310,2898,8555,0,28081.59
13067030311,2226,6450,0,38788.53
13067030312,2448,6738,0,34702.16
13067030313,3111,8772,0,32877.97
13067030314,2776,8279,0,40476.2
13067030318,2914,7730,0,54873.94
13067030319,1678,3901,0,46144.56
13067030320,3783,8360,0,48625.21
13067030322,1234,3554,0,45549.84
13067030324,1224,3699,0,36824.95
13067030326,1511,4581,0,46113.87
13067030327,1614,4578,0,41147.32
13067030328,2357,6862,0,48630.05
13067030329,1658,4587,0,43023.9
13067030330,2062,5741,0,41740.83
13067030331,2011,5823,0,45243.25
13067030332,1149,3267,0,49496.72
13067030333,2294,6175,0,49434.19
13067030334,1265,3297,0,27604.56
13067030335,1742,5138,0,48317.29
13067030336,2474,7891,0,49442.44
13067030337,1840,5180,0,52067.38
13067030339,3638,6662,0,23131.65
13067030340,1310,4121,0,40905.46
13067030341,1528,4765,0,36537.3
13067030342,1647,4892,0,41612.4
13067030343,1627,5171,0,45940.21
13067030344,2153,4223,0,30155.62
13067030345,2587,4934,0,19236.66
13067030405,2914,5912,0,27285.71
13067030407,2005,4439,0,43175.45
13067030408,1479,3207,0,36542.45
13067030409,1234,3419,0,45891.12
13067030410,2204,4846,0,33769.11
13067030411,1823,4601,0,15450.84
13067030412,1695,3932,0,22667.62
13067030413,2496,5656,0,28684.44
13067030414,1352,3362,0,17611.96
13067030502,2741,6967,0,39380.13
13067030504,2584,6234,0,24849.01
13067030505,3083,6907,0,26031.78
13067030506,2272,5280,0,25632.67
13067030507,1888,5088,0,37377.16
13067030601,4394,8939,0,25468.67
13067030602,3487,7347,0,20127.52
13067030700,1956,5027,0,19510.1
13067030800,1643,4434,0,18115.93
13067030901,3193,7842,0,33394.14
13067030902,2703,6919,0,9126.497
13067030904,2267,6113,0,23806.31
13067030905,2080,5619,0,27051.72
13067031001,1701,4992,0,22889.47
13067031002,3177,9179,0,16255.91
13067031004,2323,6723,0,18226.3
13067031005,1802,4915,0,23344.88
13067031101,1770,4728,0,18010.76
13067031106,3255,9070,0,25750.41
13067031108,2658,5392,0,25358.32
13067031110,1318,3444,0,24370.71
13067031111,1722,2844,0,39820.44
13067031112,2048,4709,0,38537.2
13067031113,521,1122,0,20888.16
13067031114,3445,7093,0,33396.96
13067031115,1728,4411,0,28032.8
13067031116,2362,5987,0,15359.14
13067031117,2114,5618,0,32220.86
13067031118,2371,5381,0,38660.13
13067031205,3034,5720,0,26823.58
13067031206,4599,8695,0,28768.76
13067031207,2178,3477,0,16097.77
13067031208,3091,5351,0,28754.7
13067031209,1625,3534,0,58385.83
13067031211,2310,3765,0,45737.86
13067031212,1066,2595,0,58207.12
13067031306,1527,4126,0,24187.56
13067031307,2366,6233,0,33823.71
13067031308,1924,5245,0,21619.45
13067031309,2687,7170,0,23288.57
13067031310,2398,6350,0,23349.23
13067031311,3640,9488,0,15805.4
13067031312,3781,10692,0,14493.81
13067031313,3652,9387,0,28527.86
13067031404,2194,5554,0,26691.19
13067031405,2920,7982,0,31945.82
13067031406,3044,7547,0,16495.77
13067031408,2236,6338,0,21536.16
13067031409,2337,5943,0,23644.31
13067031503,2908,8936,0,27552.17
13067031505,2295,6648,0,23092.42
13067031506,1913,5368,0,26439.6
13067031507,1132,3513,0,22220.77
13067031508,1899,5487,0,29423.89
13067031509,3348,9425,0,28499.33
13077170100,3080,8668,0,25739.38
13077170200,3604,9516,0,23482.55
13077170303,1993,5538,0,29932.89
13077170304,2511,6546,0,28576.45
13077170305,3606,9023,0,22497.15
13077170306,3347,8309,0,34557.62
13077170402,3104,8655,0,28388.4
13077170403,1502,4200,0,23749.94
13077170404,2357,6935,0,30104.58
13077170405,2787,8352,0,26598.99
13077170406,1512,4410,0,29307.65
13077170501,2719,7292,0,26566.5
13077170502,2197,6154,0,23230.73
13077170503,2184,5931,0,27000.17
13077170601,2950,7773,0,19069.91
13077170602,2931,7516,0,33606.05
13077170603,1836,5455,0,22141.78
13077170700,3391,8901,0,22350.73
13077170801,2334,6091,0,20994.86
13077170802,1890,5286,0,22746.16
13089020100,708,1516,0,63301.74
13089020200,1115,1782,0,58224.28
13089020300,1618,3169,0,52271.78
13089020400,1280,2111,0,44213.92
13089020500,1459,3277,0,19564.74
13089020600,923,2420,0,9822.068
13089020700,961,2272,0,23557.91
13089020801,1132,2740,0,21517.61
13089020802,1799,3851,0,20255.61
13089020900,2574,5821,0,21648.03
13089021101,1257,3183,0,50265.07
13089021102,2439,4550,0,44690.68
13089021202,3075,6955,0,51819.62
13089021204,1066,4773,0,10654.01
13089021208,1546,5371,0,25162.06
13089021209,2702,6538,0,35159.41
13089021210,2019,5293,0,52275.13
13089021211,1887,4472,0,57306
13089021213,1176,3179,0,59758.69
13089021214,2033,5431,0,27813.75
13089021215,2691,5301,0,31602.36
13089021216,3972,7362,0,54918.72
13089021217,950,2659,0,43863.52
13089021218,3334,6272,0,40348.67
13089021301,1662,3914,0,21054.23
13089021303,1856,6335,0,12502.92
13089021305,1506,4315,0,27601.08
13089021306,2010,4717,0,30046.42
13089021307,1298,3518,0,18258.44
13089021308,1375,4558,0,21337.5
13089021405,1950,3984,0,35409.22
13089021409,1157,3809,0,15974.23
13089021410,1781,5028,0,24271.01
13089021411,1640,2669,0,51775.85
13089021412,1520,3190,0,22017.38
13089021413,1422,4065,0,21381.87
13089021414,1437,3210,0,25748.27
13089021415,1834,3623,0,34736.3
13089021416,1083,3359,0,26414.3
13089021417,2120,6730,0,16785.58
13089021502,2554,4341,0,52030.67
13089021503,1591,3228,0,34467.99
13089021504,2886,5105,0,44448.14
13089021602,2125,3805,0,49581.72
13089021603,2867,4899,0,40020.47
13089021604,1274,2842,0,60561.93
13089021605,2587,6260,0,34393.87
13089021703,1888,4480,0,31182.35
13089021704,2226,4888,0,29833.57
13089021705,2338,4921,0,29523.71
13089021706,2711,6646,0,40322.45
13089021805,2434,6162,0,29910.71
13089021806,2424,6544,0,26097.73
13089021808,1757,4612,0,34810.48
13089021809,2683,6584,0,37237.17
13089021810,2312,5101,0,38796.68
13089021812,939,2237,0,21214.27
13089021813,1129,2309,0,12092.97
13089021814,2547,5316,0,24743.15
13089021906,1810,5282,0,19270.44
13089021907,3341,9151,0,27181.28
13089021908,2029,5393,0,20373.47
13089021909,2298,6109,0,19578.57
13089021910,2027,4772,0,27347.17
13089021911,1070,2782,0,9497.2
13089021912,1320,3810,0,44490.67
13089021913,1986,4365,0,20916.44
13089022001,1944,4249,0,31827.59
13089022004,1627,5440,0,21776.46
13089022005,1446,4021,0,15955.05
13089022007,1266,3618,0,23559.51
13089022008,2415,7122,0,15863.43
13089022009,2232,5592,0,18685.79
13089022010,689,2157,0,20921.87
13089022100,1454,3927,0,15751.92
13089022203,1287,2202,0,26503.44
13089022204,2663,5799,0,29417.84
13089022301,3015,5249,0,34427.18
13089022302,2039,3954,0,40254.37
13089022401,2164,3999,0,55361.85
13089022402,1159,2154,0,24913.92
13089022403,1701,3904,0,66435.32
13089022500,2516,5188,0,33712.91
13089022600,3129,5117,0,35023.13
13089022700,1713,4090,0,28458.49
13089022800,1338,3304,0,37801.37
13089022900,1761,4089,0,23516.75
13089023000,977,1888,0,34756.6
13089023101,1690,5080,0,16232.31
13089023102,1490,3471,0,24975.75
13089023107,1706,4863,0,18138.39
13089023108,1606,4983,0,15842.1
13089023111,613,1845,0,15756.93
13089023112,1942,4266,0,18716.29
13089023113,1418,3767,0,15628.64
13089023114,906,2695,0,20780.16
13089023115,0,0,0,0
13089023204,2329,6834,0,28424.93
13089023206,2535,8140,0,20839.9
13089023208,2188,6260,0,22338.26
13089023209,1748,5456,0,23725.91
13089023210,2500,6485,0,25335.27
13089023211,1183,3263,0,27437.21
13089023212,1265,3604,0,25260.38
13089023213,2157,6084,0,23076.41
13089023214,2098,5138,0,14500.81
13089023303,2715,7365,0,17278.6
13089023306,2241,7127,0,29532.27
13089023309,3477,9339,0,22113.36
13089023310,3971,10415,0,19320.48
13089023311,1403,4307,0,26970.5
13089023312,3186,9246,0,28839.44
13089023313,1621,4622,0,17543.39
13089023314,2013,6089,0,20991.63
13089023315,1934,5701,0,27834.64
13089023316,2787,8110,0,29076.56
13089023410,1548,3960,0,16044.94
13089023411,1298,3771,0,22778.91
13089023412,2276,6618,0,24011.76
13089023413,1275,3839,0,16462.76
13089023414,2269,6920,0,23651.49
13089023416,2492,7271,0,25239.42
13089023418,7068,18838,0,23733.18
13089023419,3002,9014,0,24290.18
13089023421,2977,7886,0,20489.51
13089023422,1814,5205,0,22304.52
13089023423,3173,8799,0,23048.94
13089023424,1699,5351,0,20779.48
13089023425,2080,5908,0,27351.1
13089023426,1506,4703,0,25827.23
13089023427,1020,2864,0,30594.29
13089023428,3499,8945,0,22351.64
13089023501,1306,3807,0,14954.9
13089023504,1334,3870,0,18153.32
13089023505,1015,3193,0,17411.09
13089023506,2116,6513,0,20473.92
13089023507,1483,4475,0,17497.86
13089023601,1031,3156,0,15030.65
13089023602,883,2725,0,15772.71
13089023603,1319,3955,0,17019.74
13089023700,2339,6561,0,20866.96
13089023801,1583,4395,0,16714.28
13089023802,1291,3688,0,13968.83
13089023803,1913,6123,0,16224.44
13089980000,0,0,0,0
13097080102,2906,6572,0,19838.14
13097080103,3077,6392,0,21761.43
13097080201,2195,5952,0,25130.76
13097080202,3478,9067,0,24532.77
13097080301,4346,12046,0,20275.34
13097080303,1444,4106,0,19271.26
13097080304,2291,5024,0,27525.5
13097080402,3107,8752,0,26870.67
13097080403,1740,4744,0,25221.04
13097080404,3213,8571,0,21890.37
13097080505,1663,4472,0,24171.88
13097080506,2246,6338,0,22812.65
13097080507,1424,4190,0,27860.77
13097080508,2351,5749,0,28539.12
13097080509,2002,5535,0,35167.26
13097080510,2715,7989,0,25779.26
13097080511,3036,8686,0,31317.84
13097080602,1959,5440,0,25684.35
13097080603,2443,6817,0,27919.58
13097080604,3422,10221,0,29011.78
13113140101,2687,7663,0,34694.76
13113140102,2182,6012,0,31431.95
13113140203,2079,5594,0,32349.97
13113140204,1726,5404,0,28968.26
13113140206,1639,4748,0,36450.88
13113140207,2256,5711,0,46355.28
13113140208,2774,7838,0,23291.9
13113140303,1726,4885,0,13129.36
13113140304,2243,6067,0,37822.78
13113140305,1551,4283,0,36313.69
13113140306,2691,7501,0,20652.82
13113140307,1471,5175,0,38061.26
13113140403,1979,5526,0,31717.41
13113140404,2097,5636,0,28433.16
13113140405,1254,3676,0,37601.98
13113140406,1466,3457,0,37621.33
13113140407,2983,7403,0,28436.64
13113140408,1129,3539,0,29344.56
13113140501,2119,6402,0,33149.91
13113140502,1217,3531,0,29584.96
13117130101,1587,4010,0,31776.39
13117130102,1035,2697,0,34518.81
13117130103,1611,4184,0,25313.52
13117130104,1817,4366,0,33278.61
13117130105,1276,3582,0,18723.22
13117130201,2586,7241,0,29543.06
13117130202,1773,5178,0,30525.93
13117130203,2291,6417,0,27591.43
13117130204,2029,5516,0,28031.24
13117130205,1078,2740,0,20042.49
13117130301,2021,5950,0,27856.95
13117130302,1944,5563,0,38040.51
13117130303,1663,4489,0,28745.83
13117130304,1443,4274,0,38663.66
13117130305,1827,5004,0,35843.67
13117130306,1756,4638,0,47086.77
13117130307,1574,4479,0,30315.3
13117130403,2596,7214,0,25957.6
13117130404,1354,4111,0,30843.21
13117130405,1599,4380,0,30364.28
13117130406,1982,5823,0,14517.25
13117130408,1627,4719,0,19522.64
13117130409,1278,3276,0,33508.24
13117130410,1807,4108,0,17531
13117130503,1277,3014,0,37988.01
13117130504,1920,4574,0,34903
13117130505,1501,3766,0,40802.79
13117130506,1516,3822,0,38774.41
13117130507,1168,2681,0,39638.13
13117130508,1798,5266,0,42313.07
13117130509,1386,3704,0,32793.99
13117130510,2073,5784,0,34683.83
13117130601,1458,3983,0,34284.7
13117130602,1652,5115,0,18252.15
13117130603,1393,4191,0,45995.49
13117130604,1737,5191,0,39155.34
13117130605,1653,4437,0,34686.59
13117130606,1533,4415,0,39592.78
13117130607,1799,5105,0,41119.78
13117130608,1670,4917,0,42011.3
13117130609,1508,4824,0,35403.61
13117130610,1589,4566,0,44109.28
13117130611,1217,3666,0,44436.44
13117130612,1994,5919,0,42177.9
13117130613,1058,2741,0,38992.56
13121000100,1949,3672,0,63460.79
13121000200,2821,4869,0,60309.34
13121000400,1280,2003,0,58345.1
13121000500,3079,4665,0,45019.65
13121000600,2558,5143,0,12858.07
13121000700,395,770,0,17893.93
13121001001,1173,2533,0,12899.18
13121001002,576,1074,0,7813.735
13121001100,2864,4328,0,32224.52
13121001201,2873,4059,0,45035.56
13121001202,3279,4164,0,42260.28
13121001300,2469,3727,0,39430.47
13121001400,1514,2126,0,52552.89
13121001500,2754,3906,0,43421.35
13121001600,1596,2252,0,41846.1
13121001700,1607,2774,0,20462.07
13121001800,3369,4990,0,29879.06
13121001900,1593,2574,0,15926.89
13121002100,1258,1906,0,23564.89
13121002300,1100,2434,0,12316.05
13121002400,941,2038,0,14262.67
13121002500,1076,2000,0,11872.37
13121002600,575,1177,0,15799.4
13121002800,1407,2365,0,14467.58
13121002900,1390,2233,0,21257.72
13121003000,1721,2778,0,53308.03
13121003100,790,1690,0,21424.41
13121003200,1380,2174,0,25765.95
13121003500,1098,1805,0,12750.49
13121003600,788,1332,0,18530.82
13121003700,88,244,0,11507.68
13121003800,319,631,0,13947.73
13121003900,604,1341,0,13391.68
13121004000,882,1956,0,24203.23
13121004100,783,1893,0,24193.02
13121004200,1334,2444,0,13846.96
13121004300,569,935,0,24089.43
13121004400,994,2120,0,26259.03
13121004800,707,1597,0,7552.227
13121004900,1138,2193,0,35073.41
13121005000,1017,1924,0,30809.89
13121005200,1971,4087,0,25145.85
13121005300,1671,3445,0,27502.82
13121005501,914,2441,0,9763.102
13121005502,1133,2473,0,11694.03
13121005700,651,1613,0,12237.16
13121005800,516,1454,0,9355.806
13121006000,1357,3131,0,17529.94
13121006100,1331,3165,0,17478.59
13121006200,472,1134,0,11460.08
13121006300,770,1751,0,11816.56
13121006400,459,1515,0,7593.086
13121006500,1415,3643,0,18759.19
13121006601,963,2252,0,15246.4
13121006602,484,1155,0,14819.7
13121006700,1598,3909,0,12917.05
13121006801,13,35,0,14319.71
13121006802,504,1829,0,9384.905
13121006900,1325,3341,0,15151.5
13121007001,1409,3857,0,15793.62
13121007002,1062,3657,0,9006.616
13121007100,808,2394,0,9755.042
13121007200,708,2096,0,7535.765
13121007300,2556,6863,0,12003.73
13121007400,1235,3553,0,12421.03
13121007500,1959,3492,0,16799.7
13121007602,927,2231,0,19281.02
13121007603,2103,3961,0,18480.64
13121007604,1166,2438,0,16723.18
13121007703,1542,3588,0,25424.99
13121007704,1776,4159,0,21226.82
13121007705,1890,3839,0,15827.38
13121007706,3826,8607,0,19504.83
13121007802,3246,8485,0,30338.44
13121007805,1478,3602,0,21119.96
13121007806,2088,5024,0,18929.35
13121007807,1036,2704,0,16438.47
13121007808,1531,3836,0,12373.83
13121007900,2251,5274,0,29750.34
13121008000,2031,4836,0,21043.92
13121008101,397,927,0,18528.98
13121008102,2702,5787,0,16491.82
13121008201,2610,5957,0,19559.07
13121008202,998,2550,0,33912.27
13121008301,1246,2971,0,9192.704
13121008302,1018,2268,0,14048.13
13121008400,1683,3891,0,11065.84
13121008500,1710,4285,0,13338.04
13121008601,1693,4411,0,11736.67
13121008602,519,1778,0,5436.972
13121008700,2033,5204,0,11647.4
13121008800,2206,4749,0,14480.08
13121008902,4111,6994,0,27365.03
13121008903,860,2021,0,8763.992
13121008904,2605,4514,0,38794.19
13121009000,2072,3886,0,65127.75
13121009101,3085,4324,0,39337.09
13121009102,2423,3488,0,33668.51
13121009200,4620,7353,0,37057.05
13121009300,2896,4571,0,69169.65
13121009402,2099,4847,0,33087.66
13121009403,3323,4617,0,51091.12
13121009404,2633,4077,0,77085.2
13121009501,1933,3808,0,82577.89
13121009502,2816,3847,0,57746.27
13121009601,1595,2444,0,59967.1
13121009602,2888,4318,0,57309.31
13121009603,2821,4067,0,45909.07
13121009700,1497,3196,0,71653.33
13121009801,2026,4273,0,71191.03
13121009802,1925,3956,0,76082.34
13121009900,2306,4352,0,78530.18
13121010001,2419,4041,0,66597.61
13121010002,3536,6501,0,65062.48
13121010106,2014,4367,0,50540.54
13121010107,702,2121,0,56250.11
13121010108,1522,4382,0,56697.85
13121010110,3082,5522,0,37862.62
13121010113,2637,5876,0,24585.62
13121010114,3009,6033,0,49045.42
13121010115,1123,2380,0,37014.35
13121010117,1814,3126,0,35939.68
13121010118,2323,4686,0,38682.92
13121010119,2271,4897,0,36038.13
13121010120,1216,2441,0,43854.57
13121010121,1019,1707,0,73379.34
13121010122,3113,5559,0,41434.07
13121010123,2057,4170,0,35315.21
13121010204,1954,5141,0,63451.91
13121010205,2401,5001,0,32703.27
13121010206,2029,5340,0,61309.1
13121010208,2440,4226,0,54960.56
13121010209,2823,4998,0,40055.49
13121010210,2617,6832,0,44876.07
13121010211,1376,3101,0,61322.34
13121010212,2109,5579,0,35381.64
13121010301,6391,15995,0,30788.3
13121010303,3684,9790,0,31061.42
13121010304,5020,13496,0,25964.18
13121010400,3936,10821,0,26734.83
13121010507,3073,8258,0,21095.37
13121010508,1483,4439,0,19758.74
13121010510,6716,16382,0,23754.62
13121010511,3149,8856,0,19179.69
13121010512,2740,6574,0,20206.31
13121010513,5107,13968,0,18947.91
13121010514,4809,13211,0,25546.82
13121010515,2099,4678,0,23671.76
13121010516,2921,8678,0,24267.07
13121010601,1384,3550,0,14693.07
13121010603,1581,3840,0,15546.01
13121010604,1738,4755,0,15263.27
13121010800,2492,6049,0,17324.18
13121011000,1214,3697,0,8752.788
13121011100,1191,2954,0,18500.29
13121011201,1728,4345,0,13510.13
13121011202,2077,5614,0,14294.06
13121011301,2027,5280,0,22693.4
13121011303,3638,9522,0,21835.32
13121011305,1921,4645,0,18267.58
13121011306,1246,3336,0,13393.72
13121011405,3039,7551,0,28406.33
13121011410,2716,6761,0,57334.86
13121011411,3165,8770,0,41639.81
13121011412,3729,9371,0,30227.67
13121011414,3236,8209,0,45293.02
13121011416,2175,5598,0,37826.47
13121011417,2107,4793,0,50321.68
13121011418,2329,5716,0,54817.46
13121011419,2517,6122,0,48265.25
13121011420,2282,6977,0,23444.62
13121011421,1722,4495,0,18043.54
13121011422,1619,3630,0,56242.86
13121011423,1992,5196,0,52073.02
13121011424,2218,5271,0,58572.79
13121011425,2402,7533,0,61861.22
13121011426,791,2599,0,39922.45
13121011427,3167,8124,0,52960.04
13121011503,3130,8862,0,49712.06
13121011504,3998,12049,0,51853.92
13121011505,1423,4743,0,36882.6
13121011506,2252,6356,0,52981.91
13121011610,2035,5471,0,42037.54
13121011611,3073,7045,0,21537.66
13121011612,1231,3275,0,51982.46
13121011613,2366,6936,0,42893.54
13121011614,6174,11305,0,40429.81
13121011615,3432,8700,0,53676.96
13121011616,2468,4620,0,29433.71
13121011617,3074,9176,0,39305.7
13121011618,1614,4159,0,62332.45
13121011619,3131,7145,0,45841.53
13121011620,3314,9483,0,45111.25
13121011621,2430,6405,0,55604.91
13121011622,2977,10018,0,44264.3
13121011623,4335,12137,0,52797.44
13121011624,1290,4641,0,46615.15
13121011625,2877,8457,0,51470.74
13121011626,2867,8551,0,53150.45
13121011800,1602,3151,0,6893.484
13121011900,2052,3535,0,13085.69
13121012000,1398,3055,0,20618.75
13121012300,1359,3315,0,14767.46
13121980000,0,0,0,0
13135050103,3853,10348,0,22248.28
13135050105,1822,5008,0,22328.21
13135050106,3985,10853,0,23927.26
13135050107,2347,6219,0,28719.16
13135050108,3319,9023,0,35530.18
13135050109,3047,8523,0,23299.38
13135050205,1887,4677,0,20684.56
13135050208,2219,6679,0,27993.33
13135050209,3492,9075,0,29960.63
13135050210,3241,8112,0,29417.7
13135050211,2291,5582,0,10825.35
13135050212,4177,12610,0,38428.75
13135050213,3583,10502,0,35823.44
13135050214,3188,8952,0,41194.9
13135050215,1364,2798,0,12576.16
13135050216,3314,9723,0,31181.82
13135050217,3684,9345,0,32135.38
13135050218,1309,3949,0,26431.9
13135050219,1409,3169,0,40583.78
13135050220,2816,6004,0,34592.35
13135050304,2371,5796,0,12307.97
13135050306,1393,4834,0,16410.46
13135050308,1257,3840,0,29749.1
13135050309,3486,8928,0,29837.39
13135050310,2603,5255,0,36861.06
13135050311,2004,4418,0,34215.86
13135050313,2508,7497,0,16118.72
13135050314,3525,10201,0,28694.81
13135050315,2184,5041,0,26987.64
13135050317,1612,3490,0,19846.73
13135050318,1224,3057,0,24884.91
13135050319,1869,6235,0,16960.59
13135050320,1717,5409,0,20237.83
13135050321,1540,4706,0,48148.39
13135050322,1641,5152,0,46525.13
13135050410,2391,6749,0,20605.45
13135050415,1726,5030,0,33110.53
13135050416,1369,4248,0,24561.99
13135050417,1952,5772,0,23860.07
13135050418,2384,6562,0,21217.82
13135050419,2435,7445,0,21971.57
13135050421,2800,8349,0,21515.94
13135050422,2314,7124,0,18927.09
13135050423,2419,7024,0,17768.14
13135050424,2689,7022,0,23222.5
13135050425,2075,6151,0,34151.78
13135050426,2666,7455,0,30792.12
13135050427,2145,6040,0,36845.95
13135050428,2143,6395,0,28959.62
13135050429,2548,7497,0,33754.1
13135050430,2127,5642,0,21607.8
13135050431,3172,7596,0,28943.32
13135050432,2481,7272,0,27296.8
13135050433,926,2257,0,28860.72
13135050434,2342,7150,0,18670.11
13135050435,1438,4037,0,22450.08
13135050436,2682,6609,0,21600.17
13135050511,3854,11515,0,22322.06
13135050520,2033,4849,0,15691.22
13135050521,1929,5312,0,44228.19
13135050522,1679,4361,0,24316.59
13135050523,2986,7051,0,41791.02
13135050524,2125,5093,0,27224.86
13135050525,2762,8443,0,22040.97
13135050526,2005,4661,0,27818.68
13135050527,2044,6298,0,32337.89
13135050528,1683,5222,0,32524.72
13135050529,1504,4175,0,29577.36
13135050530,2441,6982,0,37577.85
13135050531,2539,7806,0,27328.83
13135050532,2622,7756,0,25574.46
13135050533,2519,7383,0,25375.27
13135050534,2536,7193,0,26406.11
13135050535,2168,6458,0,23506.04
13135050536,1697,5466,0,17042.78
13135050537,2068,5171,0,15222.4
13135050538,2528,7908,0,31820.33
13135050539,1872,5367,0,23214.26
13135050540,2819,7179,0,21207.96
13135050541,2243,5286,0,22145.55
13135050542,2513,5566,0,16977.31
13135050543,2111,6091,0,26058.12
13135050544,3798,11600,0,25790.42
13135050545,4441,13013,0,29811.74
13135050546,5446,15451,0,22926.81
13135050547,2433,7253,0,28708.88
13135050548,3029,9007,0,22779.78
13135050549,1880,6051,0,28413.91
13135050605,5096,14455,0,29567.87
13135050606,7475,20790,0,29431.46
13135050607,4790,13923,0,29884.98
13135050608,6498,18578,0,27336.62
13135050609,3935,11095,0,51311.78
13135050610,5293,15438,0,31848.83
13135050709,4554,12960,0,27290.17
13135050712,2589,7970,0,32689.2
13135050713,2378,7954,0,32752.87
13135050714,1971,5740,0,31497.53
13135050715,2122,6250,0,28489.04
13135050718,3021,9018,0,33080.23
13135050719,2361,6422,0,20474.87
13135050720,2970,8491,0,24701.13
13135050721,3423,9902,0,24020.55
13135050722,1102,3284,0,27094.36
13135050723,2533,8020,0,31000.11
13135050724,5763,16096,0,30984.23
13135050725,1985,6064,0,26541.79
13135050726,3467,9974,0,28936.55
13135050727,3629,10571,0,29256.68
13135050728,5057,15157,0,30549.5
13135050729,1316,3477,0,24663.91
13135050730,2431,7509,0,25725.36
13135050731,3674,10058,0,28446.12
13139000101,2071,5479,0,23291.82
13139000102,1593,4158,0,23040.65
13139000201,2448,6529,0,25101.87
13139000203,1572,4207,0,26090.48
13139000204,1952,5363,0,29125.81
13139000302,2924,8178,0,25722.48
13139000303,1172,3050,0,27992.05
13139000304,1473,3950,0,21484.01
13139000305,1786,4755,0,24305.93
13139000400,2823,7239,0,32012.84
13139000500,2995,8267,0,28841.49
13139000600,2389,5613,0,22295.24
13139000701,1919,6313,0,14517.28
13139000702,1532,4808,0,20081.76
13139000800,1264,3498,0,13405.52
13139000900,2530,5493,0,32588.07
13139001002,2257,6758,0,25681.3
13139001003,2199,6784,0,18711.32
13139001004,1349,2910,0,25425
13139001101,1308,5683,0,8572.104
13139001102,1119,4495,0,14097.27
13139001201,2605,8691,0,14853.21
13139001202,1719,5462,0,17900.03
13139001301,2205,5766,0,26548.86
13139001302,2023,5715,0,25420.14
13139001402,2050,5468,0,31096.61
13139001403,1672,4429,0,24553.41
13139001404,2022,5571,0,21760.19
13139001501,1820,4575,0,32331.8
13139001502,1821,4605,0,36138.34
13139001603,2259,6871,0,24848.25
13139001604,2050,5933,0,26467.53
13139001605,1648,4660,0,24020.62
13139001606,1462,3810,0,20553.4
13139001607,2076,5166,0,25709.98
13139001608,1892,5310,0,29949.3
13151070104,4948,13282,0,29855.4
13151070106,2262,6322,0,25604.03
13151070107,3155,9341,0,27635.19
13151070108,1937,5452,0,21465.3
13151070109,1396,4154,0,26826.23
13151070110,3015,8528,0,25305.78
13151070111,3303,8685,0,22672.47
13151070113,1576,4152,0,22283.78
13151070114,2250,5228,0,33372.9
13151070202,3972,11556,0,28067.4
13151070203,5345,14954,0,29454.26
13151070204,1713,5052,0,27840.21
13151070205,3727,9671,0,30124.64
13151070304,4673,11271,0,16479.78
13151070305,3120,8776,0,32683.1
13151070306,3456,9736,0,24850.99
13151070307,1746,4229,0,28408.36
13151070309,2562,7146,0,29674.93
13151070310,2167,6397,0,26031.81
13151070311,4182,10901,0,20485.54
13151070402,4287,12180,0,23970.44
13151070403,3603,10584,0,24974.65
13151070404,2580,7295,0,24902.94
13151070501,2863,7464,0,22243.65
13151070502,5252,15325,0,23581.06
13217100100,4719,12684,0,27625.75
13217100201,2402,6655,0,23762.78
13217100202,2566,6954,0,28209.33
13217100300,3573,9103,0,14982.65
13217100400,1392,3538,0,14812.31
13217100501,5087,13151,0,24645.72
13217100502,2948,7642,0,23357.95
13217100600,2307,6401,0,20847.38
13217100700,2223,6026,0,18046.78
13217100800,3832,10488,0,22160.63
13217100901,3788,10393,0,22842.48
13217100902,2005,5572,0,24756.87
13217100903,2501,6521,0,27758.11
13223120101,4093,11463,0,28252.69
13223120102,3592,10067,0,25299.97
13223120103,2957,8189,0,26890.23
13223120104,1162,3190,0,22175.77
13223120202,2725,7635,0,25902.33
13223120203,2188,6210,0,25199.64
13223120204,2590,7219,0,23226.97
13223120301,2384,6184,0,21140.25
13223120302,5726,14305,0,19299.02
13223120303,811,2181,0,27700.14
13223120400,6483,16936,0,22361.07
13223120501,2326,6617,0,23240.45
13223120502,3432,9991,0,22583.54
13223120503,1869,5433,0,22201.45
13223120601,1815,5382,0,25406.05
13223120602,3415,9976,0,24975.93
13223120603,2465,6751,0,21872.88
13223120604,1790,5107,0,27976.63
13223120605,2034,5793,0,23100.93
13247060101,1362,3838,0,21829.66
13247060102,2119,5725,0,23726.62
13247060201,1455,4114,0,24306.25
13247060202,3835,10562,0,29023.48
13247060304,2412,6096,0,22605.89
13247060305,1894,4778,0,14889.29
13247060306,1068,2889,0,19417.07
13247060307,3862,10820,0,33794.2
13247060308,2736,6893,0,22398.7
13247060309,2063,5696,0,17982.19
13247060403,1419,3995,0,34798.96
13247060404,2097,6039,0,27437.04
13247060405,2559,7488,0,29041.38
13247060406,2013,5923,0,29343.81
13247060407,1270,3662,0,30996.11
13255160100,2193,5952,0,19477.46
13255160200,2475,6776,0,22769.88
13255160300,1305,3615,0,15648.71
13255160400,2165,5782,0,14602.83
13255160500,2643,6822,0,26292.48
13255160600,1648,4295,0,26411.71
13255160700,2572,6464,0,20037.05
13255160800,1596,4225,0,13499.68
13255160900,1011,2644,0,13227.87
13255161000,2237,5887,0,22221.98
13255161100,1722,3976,0,31019.01
13255161200,3511,8707,0,22851.84
13297110100,3095,8566,0,26905.56
13297110200,1744,4655,0,22810.96
13297110300,2763,7036,0,19642.19
13297110400,2299,6154,0,14411.69
13297110503,1128,3156,0,22637.17
13297110504,1814,5061,0,22459.72
13297110505,1358,4003,0,21768.01
13297110506,1903,5322,0,26137.33
13297110507,2468,7111,0,23037.91
13297110508,1812,5034,0,25832.23
13297110601,1885,5426,0,25368.4
13297110602,1965,5516,0,22604.28
13297110603,1830,5123,0,21933.14
13297110700,2932,7346,0,21796.31
13297110800,2522,6919,0,19823.38
