DISTRICT,Type,2005,2010,2038,2050
13045910103,Metropolitan,13944,13944,13944,13944
13045910103,Rural,0,0,0,0
13045910103,Town,0,0,0,0
13045910104,Metropolitan,11108,11108,11108,11108
13045910104,Rural,0,0,0,0
13045910104,Town,0,0,0,0
13045910502,Metropolitan,1076,1076,1076,1076
13045910502,Rural,0,0,0,0
13045910502,Town,0,0,0,0
13045910800,Metropolitan,42571,42571,42571,42571
13045910800,Rural,0,0,0,0
13045910800,Town,0,0,0,0
13045910101,Metropolitan,4120,4120,4120,4120
13045910101,Rural,0,0,0,0
13045910101,Town,0,0,0,0
13045910200,Metropolitan,29720,29720,29720,29720
13045910200,Rural,0,0,0,0
13045910200,Town,0,0,0,0
13045910900,Metropolitan,32629,32629,32629,32629
13045910900,Rural,0,0,0,0
13045910900,Town,0,0,0,0
13045910300,Metropolitan,36560,36560,36560,36560
13045910300,Rural,0,0,0,0
13045910300,Town,0,0,0,0
13045911100,Metropolitan,12897,12897,12897,12897
13045911100,Rural,0,0,0,0
13045911100,Town,0,0,0,0
13045911000,Metropolitan,12673,12673,12673,12673
13045911000,Rural,0,0,0,0
13045911000,Town,0,0,0,0
13045910701,Metropolitan,16236,16236,16236,16236
13045910701,Rural,0,0,0,0
13045910701,Town,0,0,0,0
13045910703,Metropolitan,8852,8852,8852,8852
13045910703,Rural,0,0,0,0
13045910703,Town,0,0,0,0
13045910600,Metropolitan,8042,8042,8042,8042
13045910600,Rural,0,0,0,0
13045910600,Town,0,0,0,0
13045910501,Metropolitan,7383,7383,7383,7383
13045910501,Rural,0,0,0,0
13045910501,Town,0,0,0,0
13045910702,Metropolitan,15172,15172,15172,15172
13045910702,Rural,0,0,0,0
13045910702,Town,0,0,0,0
13045911200,Metropolitan,41861,41861,41861,41861
13045911200,Rural,0,0,0,0
13045911200,Town,0,0,0,0
13045910400,Metropolitan,27605,27605,27605,27605
13045910400,Rural,0,0,0,0
13045910400,Town,0,0,0,0
13113140207,Metropolitan,2015,2015,2015,2015
13113140207,Rural,0,0,0,0
13113140207,Town,0,0,0,0
13113140208,Metropolitan,4298,4298,4298,4298
13113140208,Rural,0,0,0,0
13113140208,Town,0,0,0,0
13113140303,Metropolitan,3631,3631,3631,3631
13113140303,Rural,0,0,0,0
13113140303,Town,0,0,0,0
13113140304,Metropolitan,3445,3445,3445,3445
13113140304,Rural,0,0,0,0
13113140304,Town,0,0,0,0
13113140307,Metropolitan,4293,4293,4293,4293
13113140307,Rural,0,0,0,0
13113140307,Town,0,0,0,0
13113140408,Metropolitan,3924,3924,3924,3924
13113140408,Rural,0,0,0,0
13113140408,Town,0,0,0,0
13113140407,Metropolitan,5519,5519,5519,5519
13113140407,Rural,0,0,0,0
13113140407,Town,0,0,0,0
13113140405,Metropolitan,5050,5050,5050,5050
13113140405,Rural,0,0,0,0
13113140405,Town,0,0,0,0
13113140404,Metropolitan,3519,3519,3519,3519
13113140404,Rural,0,0,0,0
13113140404,Town,0,0,0,0
13113140206,Metropolitan,3553,3553,3553,3553
13113140206,Rural,0,0,0,0
13113140206,Town,0,0,0,0
13113140203,Metropolitan,6658,6658,6658,6658
13113140203,Rural,0,0,0,0
13113140203,Town,0,0,0,0
13113140204,Metropolitan,10369,10369,10369,10369
13113140204,Rural,0,0,0,0
13113140204,Town,0,0,0,0
13113140305,Metropolitan,6466,6466,6466,6466
13113140305,Rural,0,0,0,0
13113140305,Town,0,0,0,0
13113140403,Metropolitan,3938,3938,3938,3938
13113140403,Rural,0,0,0,0
13113140403,Town,0,0,0,0
13113140406,Metropolitan,3349,3349,3349,3349
13113140406,Rural,0,0,0,0
13113140406,Town,0,0,0,0
13113140306,Metropolitan,3294,3294,3294,3294
13113140306,Rural,0,0,0,0
13113140306,Town,0,0,0,0
13113140102,Metropolitan,7729,7729,7729,7729
13113140102,Rural,0,0,0,0
13113140102,Town,0,0,0,0
13113140101,Metropolitan,10527,10527,10527,10527
13113140101,Rural,0,0,0,0
13113140101,Town,0,0,0,0
13113140502,Metropolitan,17860,17860,17860,17860
13113140502,Rural,0,0,0,0
13113140502,Town,0,0,0,0
13113140501,Metropolitan,18108,18108,18108,18108
13113140501,Rural,0,0,0,0
13113140501,Town,0,0,0,0
13247060404,Metropolitan,3845,3845,3845,3845
13247060404,Rural,0,0,0,0
13247060404,Town,0,0,0,0
13247060304,Metropolitan,5156,5156,5156,5156
13247060304,Rural,0,0,0,0
13247060304,Town,0,0,0,0
13247060101,Metropolitan,7051,7051,7051,7051
13247060101,Rural,0,0,0,0
13247060101,Town,0,0,0,0
13247060202,Metropolitan,7094,7094,7094,7094
13247060202,Rural,0,0,0,0
13247060202,Town,0,0,0,0
13247060201,Metropolitan,3292,3292,3292,3292
13247060201,Rural,0,0,0,0
13247060201,Town,0,0,0,0
13247060306,Metropolitan,3619,3619,3619,3619
13247060306,Rural,0,0,0,0
13247060306,Town,0,0,0,0
13247060407,Metropolitan,1491,1491,1491,1491
13247060407,Rural,0,0,0,0
13247060407,Town,0,0,0,0
13247060403,Metropolitan,9572,9572,9572,9572
13247060403,Rural,0,0,0,0
13247060403,Town,0,0,0,0
13247060406,Metropolitan,2700,2700,2700,2700
13247060406,Rural,0,0,0,0
13247060406,Town,0,0,0,0
13247060305,Metropolitan,4175,4175,4175,4175
13247060305,Rural,0,0,0,0
13247060305,Town,0,0,0,0
13247060309,Metropolitan,2077,2077,2077,2077
13247060309,Rural,0,0,0,0
13247060309,Town,0,0,0,0
13247060308,Metropolitan,2002,2002,2002,2002
13247060308,Rural,0,0,0,0
13247060308,Town,0,0,0,0
13247060405,Metropolitan,11414,11414,11414,11414
13247060405,Rural,0,0,0,0
13247060405,Town,0,0,0,0
13247060307,Metropolitan,3647,3647,3647,3647
13247060307,Rural,0,0,0,0
13247060307,Town,0,0,0,0
13247060102,Metropolitan,17390,17390,17390,17390
13247060102,Rural,0,0,0,0
13247060102,Town,0,0,0,0
13067030330,Metropolitan,1498,1498,1498,1498
13067030330,Rural,0,0,0,0
13067030330,Town,0,0,0,0
13067030328,Metropolitan,1668,1668,1668,1668
13067030328,Rural,0,0,0,0
13067030328,Town,0,0,0,0
13067030700,Metropolitan,1064,1064,1064,1064
13067030700,Rural,0,0,0,0
13067030700,Town,0,0,0,0
13067030324,Metropolitan,915,915,915,915
13067030324,Rural,0,0,0,0
13067030324,Town,0,0,0,0
13067030312,Metropolitan,2149,2149,2149,2149
13067030312,Rural,0,0,0,0
13067030312,Town,0,0,0,0
13067030228,Metropolitan,2398,2398,2398,2398
13067030228,Rural,0,0,0,0
13067030228,Town,0,0,0,0
13067030231,Metropolitan,3605,3605,3605,3605
13067030231,Rural,0,0,0,0
13067030231,Town,0,0,0,0
13067030230,Metropolitan,3899,3899,3899,3899
13067030230,Rural,0,0,0,0
13067030230,Town,0,0,0,0
13067030311,Metropolitan,2130,2130,2130,2130
13067030311,Rural,0,0,0,0
13067030311,Town,0,0,0,0
13067031001,Metropolitan,3853,3853,3853,3853
13067031001,Rural,0,0,0,0
13067031001,Town,0,0,0,0
13067030310,Metropolitan,2168,2168,2168,2168
13067030310,Rural,0,0,0,0
13067030310,Town,0,0,0,0
13067030215,Metropolitan,1789,1789,1789,1789
13067030215,Rural,0,0,0,0
13067030215,Town,0,0,0,0
13067030601,Metropolitan,2318,2318,2318,2318
13067030601,Rural,0,0,0,0
13067030601,Town,0,0,0,0
13067030227,Metropolitan,2151,2151,2151,2151
13067030227,Rural,0,0,0,0
13067030227,Town,0,0,0,0
13067030602,Metropolitan,3951,3951,3951,3951
13067030602,Rural,0,0,0,0
13067030602,Town,0,0,0,0
13067030506,Metropolitan,1987,1987,1987,1987
13067030506,Rural,0,0,0,0
13067030506,Town,0,0,0,0
13067030507,Metropolitan,1531,1531,1531,1531
13067030507,Rural,0,0,0,0
13067030507,Town,0,0,0,0
13067030229,Metropolitan,3239,3239,3239,3239
13067030229,Rural,0,0,0,0
13067030229,Town,0,0,0,0
13067031208,Metropolitan,900,900,900,900
13067031208,Rural,0,0,0,0
13067031208,Town,0,0,0,0
13067031207,Metropolitan,700,700,700,700
13067031207,Rural,0,0,0,0
13067031207,Town,0,0,0,0
13067030226,Metropolitan,1731,1731,1731,1731
13067030226,Rural,0,0,0,0
13067030226,Town,0,0,0,0
13067031505,Metropolitan,2489,2489,2489,2489
13067031505,Rural,0,0,0,0
13067031505,Town,0,0,0,0
13067030313,Metropolitan,2364,2364,2364,2364
13067030313,Rural,0,0,0,0
13067030313,Town,0,0,0,0
13067031310,Metropolitan,2931,2931,2931,2931
13067031310,Rural,0,0,0,0
13067031310,Town,0,0,0,0
13067030214,Metropolitan,2636,2636,2636,2636
13067030214,Rural,0,0,0,0
13067030214,Town,0,0,0,0
13067031212,Metropolitan,1036,1036,1036,1036
13067031212,Rural,0,0,0,0
13067031212,Town,0,0,0,0
13067031211,Metropolitan,373,373,373,373
13067031211,Rural,0,0,0,0
13067031211,Town,0,0,0,0
13067031209,Metropolitan,843,843,843,843
13067031209,Rural,0,0,0,0
13067031209,Town,0,0,0,0
13067030224,Metropolitan,1133,1133,1133,1133
13067030224,Rural,0,0,0,0
13067030224,Town,0,0,0,0
13067031205,Metropolitan,1870,1870,1870,1870
13067031205,Rural,0,0,0,0
13067031205,Town,0,0,0,0
13067031206,Metropolitan,2274,2274,2274,2274
13067031206,Rural,0,0,0,0
13067031206,Town,0,0,0,0
13067030220,Metropolitan,450,450,450,450
13067030220,Rural,0,0,0,0
13067030220,Town,0,0,0,0
13067030905,Metropolitan,1513,1513,1513,1513
13067030905,Rural,0,0,0,0
13067030905,Town,0,0,0,0
13067030502,Metropolitan,2381,2381,2381,2381
13067030502,Rural,0,0,0,0
13067030502,Town,0,0,0,0
13067030209,Metropolitan,3384,3384,3384,3384
13067030209,Rural,0,0,0,0
13067030209,Town,0,0,0,0
13067030326,Metropolitan,1774,1774,1774,1774
13067030326,Rural,0,0,0,0
13067030326,Town,0,0,0,0
13067031108,Metropolitan,830,830,830,830
13067031108,Rural,0,0,0,0
13067031108,Town,0,0,0,0
13117130105,Metropolitan,2586,2586,2586,2586
13117130105,Rural,0,0,0,0
13117130105,Town,0,0,0,0
13117130205,Metropolitan,4203,4203,4203,4203
13117130205,Rural,0,0,0,0
13117130205,Town,0,0,0,0
13117130603,Metropolitan,3802,3802,3802,3802
13117130603,Rural,0,0,0,0
13117130603,Town,0,0,0,0
13117130610,Metropolitan,2621,2621,2621,2621
13117130610,Rural,0,0,0,0
13117130610,Town,0,0,0,0
13117130606,Metropolitan,1109,1109,1109,1109
13117130606,Rural,0,0,0,0
13117130606,Town,0,0,0,0
13117130604,Metropolitan,1571,1571,1571,1571
13117130604,Rural,0,0,0,0
13117130604,Town,0,0,0,0
13117130611,Metropolitan,1567,1567,1567,1567
13117130611,Rural,0,0,0,0
13117130611,Town,0,0,0,0
13117130609,Metropolitan,1689,1689,1689,1689
13117130609,Rural,0,0,0,0
13117130609,Town,0,0,0,0
13117130607,Metropolitan,1911,1911,1911,1911
13117130607,Rural,0,0,0,0
13117130607,Town,0,0,0,0
13117130605,Metropolitan,1824,1824,1824,1824
13117130605,Rural,0,0,0,0
13117130605,Town,0,0,0,0
13117130602,Metropolitan,1378,1378,1378,1378
13117130602,Rural,0,0,0,0
13117130602,Town,0,0,0,0
13117130508,Metropolitan,2849,2849,2849,2849
13117130508,Rural,0,0,0,0
13117130508,Town,0,0,0,0
13117130507,Metropolitan,2451,2451,2451,2451
13117130507,Rural,0,0,0,0
13117130507,Town,0,0,0,0
13117130409,Metropolitan,2208,2208,2208,2208
13117130409,Rural,0,0,0,0
13117130409,Town,0,0,0,0
13067030218,Metropolitan,2243,2243,2243,2243
13067030218,Rural,0,0,0,0
13067030218,Town,0,0,0,0
13067030219,Metropolitan,4627,4627,4627,4627
13067030219,Rural,0,0,0,0
13067030219,Town,0,0,0,0
13067030235,Metropolitan,3091,3091,3091,3091
13067030235,Rural,0,0,0,0
13067030235,Town,0,0,0,0
13067030234,Metropolitan,2926,2926,2926,2926
13067030234,Rural,0,0,0,0
13067030234,Town,0,0,0,0
13067030233,Metropolitan,1758,1758,1758,1758
13067030233,Rural,0,0,0,0
13067030233,Town,0,0,0,0
13067030337,Metropolitan,1156,1156,1156,1156
13067030337,Rural,0,0,0,0
13067030337,Town,0,0,0,0
13067030334,Metropolitan,986,986,986,986
13067030334,Rural,0,0,0,0
13067030334,Town,0,0,0,0
13067031111,Metropolitan,483,483,483,483
13067031111,Rural,0,0,0,0
13067031111,Town,0,0,0,0
13067031110,Metropolitan,668,668,668,668
13067031110,Rural,0,0,0,0
13067031110,Town,0,0,0,0
13067030405,Metropolitan,989,989,989,989
13067030405,Rural,0,0,0,0
13067030405,Town,0,0,0,0
13067031101,Metropolitan,822,822,822,822
13067031101,Rural,0,0,0,0
13067031101,Town,0,0,0,0
13117130305,Metropolitan,2490,2490,2490,2490
13117130305,Rural,0,0,0,0
13117130305,Town,0,0,0,0
13117130301,Metropolitan,5191,5191,5191,5191
13117130301,Rural,0,0,0,0
13117130301,Town,0,0,0,0
13117130405,Metropolitan,2475,2475,2475,2475
13117130405,Rural,0,0,0,0
13117130405,Town,0,0,0,0
13117130504,Metropolitan,3710,3710,3710,3710
13117130504,Rural,0,0,0,0
13117130504,Town,0,0,0,0
13117130505,Metropolitan,5440,5440,5440,5440
13117130505,Rural,0,0,0,0
13117130505,Town,0,0,0,0
13117130503,Metropolitan,8369,8369,8369,8369
13117130503,Rural,0,0,0,0
13117130503,Town,0,0,0,0
13117130102,Metropolitan,3407,3407,3407,3407
13117130102,Rural,0,0,0,0
13117130102,Town,0,0,0,0
13117130103,Metropolitan,5914,5914,5914,5914
13117130103,Rural,0,0,0,0
13117130103,Town,0,0,0,0
13117130303,Metropolitan,4524,4524,4524,4524
13117130303,Rural,0,0,0,0
13117130303,Town,0,0,0,0
13117130201,Metropolitan,9462,9462,9462,9462
13117130201,Rural,0,0,0,0
13117130201,Town,0,0,0,0
13067030232,Metropolitan,2518,2518,2518,2518
13067030232,Rural,0,0,0,0
13067030232,Town,0,0,0,0
13067030222,Metropolitan,1130,1130,1130,1130
13067030222,Rural,0,0,0,0
13067030222,Town,0,0,0,0
13067031118,Metropolitan,1254,1254,1254,1254
13067031118,Rural,0,0,0,0
13067031118,Town,0,0,0,0
13067031117,Metropolitan,1514,1514,1514,1514
13067031117,Rural,0,0,0,0
13067031117,Town,0,0,0,0
13067031507,Metropolitan,974,974,974,974
13067031507,Rural,0,0,0,0
13067031507,Town,0,0,0,0
13067031004,Metropolitan,1032,1032,1032,1032
13067031004,Rural,0,0,0,0
13067031004,Town,0,0,0,0
13067030103,Metropolitan,3974,3974,3974,3974
13067030103,Rural,0,0,0,0
13067030103,Town,0,0,0,0
13067031404,Metropolitan,2177,2177,2177,2177
13067031404,Rural,0,0,0,0
13067031404,Town,0,0,0,0
13067031306,Metropolitan,1376,1376,1376,1376
13067031306,Rural,0,0,0,0
13067031306,Town,0,0,0,0
13067030101,Metropolitan,7597,7597,7597,7597
13067030101,Rural,0,0,0,0
13067030101,Town,0,0,0,0
13067030104,Metropolitan,981,981,981,981
13067030104,Rural,0,0,0,0
13067030104,Town,0,0,0,0
13117130613,Metropolitan,2014,2014,2014,2014
13117130613,Rural,0,0,0,0
13117130613,Town,0,0,0,0
13117130408,Metropolitan,1696,1696,1696,1696
13117130408,Rural,0,0,0,0
13117130408,Town,0,0,0,0
13117130612,Metropolitan,2376,2376,2376,2376
13117130612,Rural,0,0,0,0
13117130612,Town,0,0,0,0
13117130608,Metropolitan,2171,2171,2171,2171
13117130608,Rural,0,0,0,0
13117130608,Town,0,0,0,0
13117130307,Metropolitan,3052,3052,3052,3052
13117130307,Rural,0,0,0,0
13117130307,Town,0,0,0,0
13117130302,Metropolitan,2962,2962,2962,2962
13117130302,Rural,0,0,0,0
13117130302,Town,0,0,0,0
13117130304,Metropolitan,3094,3094,3094,3094
13117130304,Rural,0,0,0,0
13117130304,Town,0,0,0,0
13117130404,Metropolitan,1619,1619,1619,1619
13117130404,Rural,0,0,0,0
13117130404,Town,0,0,0,0
13117130306,Metropolitan,2027,2027,2027,2027
13117130306,Rural,0,0,0,0
13117130306,Town,0,0,0,0
13117130601,Metropolitan,4268,4268,4268,4268
13117130601,Rural,0,0,0,0
13117130601,Town,0,0,0,0
13117130510,Metropolitan,4528,4528,4528,4528
13117130510,Rural,0,0,0,0
13117130510,Town,0,0,0,0
13117130406,Metropolitan,1757,1757,1757,1757
13117130406,Rural,0,0,0,0
13117130406,Town,0,0,0,0
13117130410,Metropolitan,1838,1838,1838,1838
13117130410,Rural,0,0,0,0
13117130410,Town,0,0,0,0
13117130203,Metropolitan,7799,7799,7799,7799
13117130203,Rural,0,0,0,0
13117130203,Town,0,0,0,0
13117130204,Metropolitan,4276,4276,4276,4276
13117130204,Rural,0,0,0,0
13117130204,Town,0,0,0,0
13117130202,Metropolitan,3834,3834,3834,3834
13117130202,Rural,0,0,0,0
13117130202,Town,0,0,0,0
13117130509,Metropolitan,2425,2425,2425,2425
13117130509,Rural,0,0,0,0
13117130509,Town,0,0,0,0
13117130403,Metropolitan,7260,7260,7260,7260
13117130403,Rural,0,0,0,0
13117130403,Town,0,0,0,0
13067031506,Metropolitan,2303,2303,2303,2303
13067031506,Rural,0,0,0,0
13067031506,Town,0,0,0,0
13067031508,Metropolitan,3040,3040,3040,3040
13067031508,Rural,0,0,0,0
13067031508,Town,0,0,0,0
13067031116,Metropolitan,677,677,677,677
13067031116,Rural,0,0,0,0
13067031116,Town,0,0,0,0
13067031115,Metropolitan,908,908,908,908
13067031115,Rural,0,0,0,0
13067031115,Town,0,0,0,0
13067030223,Metropolitan,1117,1117,1117,1117
13067030223,Rural,0,0,0,0
13067030223,Town,0,0,0,0
13067031312,Metropolitan,3164,3164,3164,3164
13067031312,Rural,0,0,0,0
13067031312,Town,0,0,0,0
13067031313,Metropolitan,3863,3863,3863,3863
13067031313,Rural,0,0,0,0
13067031313,Town,0,0,0,0
13067031309,Metropolitan,1970,1970,1970,1970
13067031309,Rural,0,0,0,0
13067031309,Town,0,0,0,0
13117130101,Metropolitan,6457,6457,6457,6457
13117130101,Rural,0,0,0,0
13117130101,Town,0,0,0,0
13117130104,Metropolitan,7322,7322,7322,7322
13117130104,Rural,0,0,0,0
13117130104,Town,0,0,0,0
13117130506,Metropolitan,2628,2628,2628,2628
13117130506,Rural,0,0,0,0
13117130506,Town,0,0,0,0
13067031509,Metropolitan,6029,6029,6029,6029
13067031509,Rural,0,0,0,0
13067031509,Town,0,0,0,0
13067031113,Metropolitan,277,277,277,277
13067031113,Rural,0,0,0,0
13067031113,Town,0,0,0,0
13067031114,Metropolitan,698,698,698,698
13067031114,Rural,0,0,0,0
13067031114,Town,0,0,0,0
13067030345,Metropolitan,1062,1062,1062,1062
13067030345,Rural,0,0,0,0
13067030345,Town,0,0,0,0
13067030344,Metropolitan,577,577,577,577
13067030344,Rural,0,0,0,0
13067030344,Town,0,0,0,0
13067030411,Metropolitan,494,494,494,494
13067030411,Rural,0,0,0,0
13067030411,Town,0,0,0,0
13067030412,Metropolitan,496,496,496,496
13067030412,Rural,0,0,0,0
13067030412,Town,0,0,0,0
13067030414,Metropolitan,612,612,612,612
13067030414,Rural,0,0,0,0
13067030414,Town,0,0,0,0
13067030413,Metropolitan,356,356,356,356
13067030413,Rural,0,0,0,0
13067030413,Town,0,0,0,0
13067030239,Metropolitan,4827,4827,4827,4827
13067030239,Rural,0,0,0,0
13067030239,Town,0,0,0,0
13067030238,Metropolitan,2733,2733,2733,2733
13067030238,Rural,0,0,0,0
13067030238,Town,0,0,0,0
13067030236,Metropolitan,1320,1320,1320,1320
13067030236,Rural,0,0,0,0
13067030236,Town,0,0,0,0
13067030407,Metropolitan,1068,1068,1068,1068
13067030407,Rural,0,0,0,0
13067030407,Town,0,0,0,0
13067030408,Metropolitan,588,588,588,588
13067030408,Rural,0,0,0,0
13067030408,Town,0,0,0,0
13067030410,Metropolitan,1063,1063,1063,1063
13067030410,Rural,0,0,0,0
13067030410,Town,0,0,0,0
13067030409,Metropolitan,907,907,907,907
13067030409,Rural,0,0,0,0
13067030409,Town,0,0,0,0
13067030343,Metropolitan,1141,1141,1141,1141
13067030343,Rural,0,0,0,0
13067030343,Town,0,0,0,0
13067030342,Metropolitan,1187,1187,1187,1187
13067030342,Rural,0,0,0,0
13067030342,Town,0,0,0,0
13067030340,Metropolitan,1062,1062,1062,1062
13067030340,Rural,0,0,0,0
13067030340,Town,0,0,0,0
13067030341,Metropolitan,1149,1149,1149,1149
13067030341,Rural,0,0,0,0
13067030341,Town,0,0,0,0
13067031409,Metropolitan,3490,3490,3490,3490
13067031409,Rural,0,0,0,0
13067031409,Town,0,0,0,0
13067031408,Metropolitan,3442,3442,3442,3442
13067031408,Rural,0,0,0,0
13067031408,Town,0,0,0,0
13067030107,Metropolitan,1011,1011,1011,1011
13067030107,Rural,0,0,0,0
13067030107,Town,0,0,0,0
13067030106,Metropolitan,901,901,901,901
13067030106,Rural,0,0,0,0
13067030106,Town,0,0,0,0
13067030505,Metropolitan,1305,1305,1305,1305
13067030505,Rural,0,0,0,0
13067030505,Town,0,0,0,0
13067030800,Metropolitan,1296,1296,1296,1296
13067030800,Rural,0,0,0,0
13067030800,Town,0,0,0,0
13067030902,Metropolitan,1259,1259,1259,1259
13067030902,Rural,0,0,0,0
13067030902,Town,0,0,0,0
13067031311,Metropolitan,2049,2049,2049,2049
13067031311,Rural,0,0,0,0
13067031311,Town,0,0,0,0
13067031406,Metropolitan,1541,1541,1541,1541
13067031406,Rural,0,0,0,0
13067031406,Town,0,0,0,0
13067031405,Metropolitan,2508,2508,2508,2508
13067031405,Rural,0,0,0,0
13067031405,Town,0,0,0,0
13067030320,Metropolitan,2275,2275,2275,2275
13067030320,Rural,0,0,0,0
13067030320,Town,0,0,0,0
13067030318,Metropolitan,2923,2923,2923,2923
13067030318,Rural,0,0,0,0
13067030318,Town,0,0,0,0
13067031005,Metropolitan,1254,1254,1254,1254
13067031005,Rural,0,0,0,0
13067031005,Town,0,0,0,0
13067031002,Metropolitan,1168,1168,1168,1168
13067031002,Rural,0,0,0,0
13067031002,Town,0,0,0,0
13067030904,Metropolitan,844,844,844,844
13067030904,Rural,0,0,0,0
13067030904,Town,0,0,0,0
13067030901,Metropolitan,2648,2648,2648,2648
13067030901,Rural,0,0,0,0
13067030901,Town,0,0,0,0
13067031503,Metropolitan,2876,2876,2876,2876
13067031503,Rural,0,0,0,0
13067031503,Town,0,0,0,0
13067031307,Metropolitan,2583,2583,2583,2583
13067031307,Rural,0,0,0,0
13067031307,Town,0,0,0,0
13067031308,Metropolitan,1586,1586,1586,1586
13067031308,Rural,0,0,0,0
13067031308,Town,0,0,0,0
13067030319,Metropolitan,1865,1865,1865,1865
13067030319,Rural,0,0,0,0
13067030319,Town,0,0,0,0
13067030333,Metropolitan,1910,1910,1910,1910
13067030333,Rural,0,0,0,0
13067030333,Town,0,0,0,0
13067030332,Metropolitan,902,902,902,902
13067030332,Rural,0,0,0,0
13067030332,Town,0,0,0,0
13067030335,Metropolitan,1305,1305,1305,1305
13067030335,Rural,0,0,0,0
13067030335,Town,0,0,0,0
13067031106,Metropolitan,2221,2221,2221,2221
13067031106,Rural,0,0,0,0
13067031106,Town,0,0,0,0
13067030331,Metropolitan,1578,1578,1578,1578
13067030331,Rural,0,0,0,0
13067030331,Town,0,0,0,0
13067030322,Metropolitan,923,923,923,923
13067030322,Rural,0,0,0,0
13067030322,Town,0,0,0,0
13067031112,Metropolitan,1009,1009,1009,1009
13067031112,Rural,0,0,0,0
13067031112,Town,0,0,0,0
13067030504,Metropolitan,1640,1640,1640,1640
13067030504,Rural,0,0,0,0
13067030504,Town,0,0,0,0
13067030327,Metropolitan,1200,1200,1200,1200
13067030327,Rural,0,0,0,0
13067030327,Town,0,0,0,0
13067030329,Metropolitan,1056,1056,1056,1056
13067030329,Rural,0,0,0,0
13067030329,Town,0,0,0,0
13067030339,Metropolitan,1126,1126,1126,1126
13067030339,Rural,0,0,0,0
13067030339,Town,0,0,0,0
13067030314,Metropolitan,1979,1979,1979,1979
13067030314,Rural,0,0,0,0
13067030314,Town,0,0,0,0
13067030336,Metropolitan,1895,1895,1895,1895
13067030336,Rural,0,0,0,0
13067030336,Town,0,0,0,0
13063040411,Metropolitan,4483,4483,4483,4483
13063040411,Rural,0,0,0,0
13063040411,Town,0,0,0,0
13063040512,Metropolitan,1118,1118,1118,1118
13063040512,Rural,0,0,0,0
13063040512,Town,0,0,0,0
13063040608,Metropolitan,11130,11130,11130,11130
13063040608,Rural,0,0,0,0
13063040608,Town,0,0,0,0
13063040614,Metropolitan,3451,3451,3451,3451
13063040614,Rural,0,0,0,0
13063040614,Town,0,0,0,0
13063040606,Metropolitan,6166,6166,6166,6166
13063040606,Rural,0,0,0,0
13063040606,Town,0,0,0,0
13063040612,Metropolitan,1753,1753,1753,1753
13063040612,Rural,0,0,0,0
13063040612,Town,0,0,0,0
13063040609,Metropolitan,2317,2317,2317,2317
13063040609,Rural,0,0,0,0
13063040609,Town,0,0,0,0
13063040412,Metropolitan,1979,1979,1979,1979
13063040412,Rural,0,0,0,0
13063040412,Town,0,0,0,0
13063040413,Metropolitan,1359,1359,1359,1359
13063040413,Rural,0,0,0,0
13063040413,Town,0,0,0,0
13063040613,Metropolitan,3375,3375,3375,3375
13063040613,Rural,0,0,0,0
13063040613,Town,0,0,0,0
13063040408,Metropolitan,1641,1641,1641,1641
13063040408,Rural,0,0,0,0
13063040408,Town,0,0,0,0
13063040409,Metropolitan,925,925,925,925
13063040409,Rural,0,0,0,0
13063040409,Town,0,0,0,0
13063040410,Metropolitan,5523,5523,5523,5523
13063040410,Rural,0,0,0,0
13063040410,Town,0,0,0,0
13063040303,Metropolitan,1480,1480,1480,1480
13063040303,Rural,0,0,0,0
13063040303,Town,0,0,0,0
13063040302,Metropolitan,1423,1423,1423,1423
13063040302,Rural,0,0,0,0
13063040302,Town,0,0,0,0
13063040611,Metropolitan,1527,1527,1527,1527
13063040611,Rural,0,0,0,0
13063040611,Town,0,0,0,0
13063040407,Metropolitan,2245,2245,2245,2245
13063040407,Rural,0,0,0,0
13063040407,Town,0,0,0,0
13063040510,Metropolitan,753,753,753,753
13063040510,Rural,0,0,0,0
13063040510,Town,0,0,0,0
13063040514,Metropolitan,1205,1205,1205,1205
13063040514,Rural,0,0,0,0
13063040514,Town,0,0,0,0
13063040307,Metropolitan,765,765,765,765
13063040307,Rural,0,0,0,0
13063040307,Town,0,0,0,0
13063980000,Metropolitan,3650,3650,3650,3650
13063980000,Rural,0,0,0,0
13063980000,Town,0,0,0,0
13063040622,Metropolitan,2067,2067,2067,2067
13063040622,Rural,0,0,0,0
13063040622,Town,0,0,0,0
13063040621,Metropolitan,1984,1984,1984,1984
13063040621,Rural,0,0,0,0
13063040621,Town,0,0,0,0
13063040619,Metropolitan,918,918,918,918
13063040619,Rural,0,0,0,0
13063040619,Town,0,0,0,0
13063040523,Metropolitan,667,667,667,667
13063040523,Rural,0,0,0,0
13063040523,Town,0,0,0,0
13063040522,Metropolitan,1239,1239,1239,1239
13063040522,Rural,0,0,0,0
13063040522,Town,0,0,0,0
13063040520,Metropolitan,539,539,539,539
13063040520,Rural,0,0,0,0
13063040520,Town,0,0,0,0
13063040519,Metropolitan,393,393,393,393
13063040519,Rural,0,0,0,0
13063040519,Town,0,0,0,0
13063040417,Metropolitan,1281,1281,1281,1281
13063040417,Rural,0,0,0,0
13063040417,Town,0,0,0,0
13063040203,Metropolitan,720,720,720,720
13063040203,Rural,0,0,0,0
13063040203,Town,0,0,0,0
13063040617,Metropolitan,268,268,268,268
13063040617,Rural,0,0,0,0
13063040617,Town,0,0,0,0
13063040615,Metropolitan,813,813,813,813
13063040615,Rural,0,0,0,0
13063040615,Town,0,0,0,0
13063040521,Metropolitan,649,649,649,649
13063040521,Rural,0,0,0,0
13063040521,Town,0,0,0,0
13063040415,Metropolitan,1001,1001,1001,1001
13063040415,Rural,0,0,0,0
13063040415,Town,0,0,0,0
13063040414,Metropolitan,519,519,519,519
13063040414,Rural,0,0,0,0
13063040414,Town,0,0,0,0
13063040204,Metropolitan,679,679,679,679
13063040204,Rural,0,0,0,0
13063040204,Town,0,0,0,0
13063040308,Metropolitan,2288,2288,2288,2288
13063040308,Rural,0,0,0,0
13063040308,Town,0,0,0,0
13063040620,Metropolitan,2265,2265,2265,2265
13063040620,Rural,0,0,0,0
13063040620,Town,0,0,0,0
13063040616,Metropolitan,1633,1633,1633,1633
13063040616,Rural,0,0,0,0
13063040616,Town,0,0,0,0
13063040526,Metropolitan,1253,1253,1253,1253
13063040526,Rural,0,0,0,0
13063040526,Town,0,0,0,0
13063040525,Metropolitan,578,578,578,578
13063040525,Rural,0,0,0,0
13063040525,Town,0,0,0,0
13063040524,Metropolitan,1332,1332,1332,1332
13063040524,Rural,0,0,0,0
13063040524,Town,0,0,0,0
13063040416,Metropolitan,949,949,949,949
13063040416,Rural,0,0,0,0
13063040416,Town,0,0,0,0
13063040306,Metropolitan,1082,1082,1082,1082
13063040306,Rural,0,0,0,0
13063040306,Town,0,0,0,0
13063040516,Metropolitan,1095,1095,1095,1095
13063040516,Rural,0,0,0,0
13063040516,Town,0,0,0,0
13063040509,Metropolitan,1289,1289,1289,1289
13063040509,Rural,0,0,0,0
13063040509,Town,0,0,0,0
13063040202,Metropolitan,2496,2496,2496,2496
13063040202,Rural,0,0,0,0
13063040202,Town,0,0,0,0
13063040518,Metropolitan,874,874,874,874
13063040518,Rural,0,0,0,0
13063040518,Town,0,0,0,0
13063040515,Metropolitan,1485,1485,1485,1485
13063040515,Rural,0,0,0,0
13063040515,Town,0,0,0,0
13063040513,Metropolitan,1730,1730,1730,1730
13063040513,Rural,0,0,0,0
13063040513,Town,0,0,0,0
13151070403,Metropolitan,14121,14121,14121,14121
13151070403,Rural,0,0,0,0
13151070403,Town,0,0,0,0
13151070307,Metropolitan,2170,2170,2170,2170
13151070307,Rural,0,0,0,0
13151070307,Town,0,0,0,0
13151070113,Metropolitan,1675,1675,1675,1675
13151070113,Rural,0,0,0,0
13151070113,Town,0,0,0,0
13151070501,Metropolitan,13302,13302,13302,13302
13151070501,Rural,0,0,0,0
13151070501,Town,0,0,0,0
13151070502,Metropolitan,20486,20486,20486,20486
13151070502,Rural,0,0,0,0
13151070502,Town,0,0,0,0
13151070311,Metropolitan,2643,2643,2643,2643
13151070311,Rural,0,0,0,0
13151070311,Town,0,0,0,0
13151070404,Metropolitan,16070,16070,16070,16070
13151070404,Rural,0,0,0,0
13151070404,Town,0,0,0,0
13151070204,Metropolitan,6173,6173,6173,6173
13151070204,Rural,0,0,0,0
13151070204,Town,0,0,0,0
13151070310,Metropolitan,3599,3599,3599,3599
13151070310,Rural,0,0,0,0
13151070310,Town,0,0,0,0
13151070205,Metropolitan,6457,6457,6457,6457
13151070205,Rural,0,0,0,0
13151070205,Town,0,0,0,0
13151070309,Metropolitan,2926,2926,2926,2926
13151070309,Rural,0,0,0,0
13151070309,Town,0,0,0,0
13151070114,Metropolitan,3027,3027,3027,3027
13151070114,Rural,0,0,0,0
13151070114,Town,0,0,0,0
13151070111,Metropolitan,2256,2256,2256,2256
13151070111,Rural,0,0,0,0
13151070111,Town,0,0,0,0
13151070107,Metropolitan,5421,5421,5421,5421
13151070107,Rural,0,0,0,0
13151070107,Town,0,0,0,0
13151070109,Metropolitan,2130,2130,2130,2130
13151070109,Rural,0,0,0,0
13151070109,Town,0,0,0,0
13151070110,Metropolitan,6643,6643,6643,6643
13151070110,Rural,0,0,0,0
13151070110,Town,0,0,0,0
13151070108,Metropolitan,3147,3147,3147,3147
13151070108,Rural,0,0,0,0
13151070108,Town,0,0,0,0
13151070306,Metropolitan,8903,8903,8903,8903
13151070306,Rural,0,0,0,0
13151070306,Town,0,0,0,0
13151070104,Metropolitan,6015,6015,6015,6015
13151070104,Rural,0,0,0,0
13151070104,Town,0,0,0,0
13151070202,Metropolitan,13679,13679,13679,13679
13151070202,Rural,0,0,0,0
13151070202,Town,0,0,0,0
13151070305,Metropolitan,10092,10092,10092,10092
13151070305,Rural,0,0,0,0
13151070305,Town,0,0,0,0
13151070304,Metropolitan,7521,7521,7521,7521
13151070304,Rural,0,0,0,0
13151070304,Town,0,0,0,0
13151070106,Metropolitan,4100,4100,4100,4100
13151070106,Rural,0,0,0,0
13151070106,Town,0,0,0,0
13151070203,Metropolitan,22845,22845,22845,22845
13151070203,Rural,0,0,0,0
13151070203,Town,0,0,0,0
13151070402,Metropolitan,23546,23546,23546,23546
13151070402,Rural,0,0,0,0
13151070402,Town,0,0,0,0
13015960101,Metropolitan,23076,23076,23076,23076
13015960101,Rural,0,0,0,0
13015960101,Town,0,0,0,0
13015960402,Metropolitan,12823,12823,12823,12823
13015960402,Rural,0,0,0,0
13015960402,Town,0,0,0,0
13015960901,Metropolitan,8441,8441,8441,8441
13015960901,Rural,0,0,0,0
13015960901,Town,0,0,0,0
13015960102,Metropolitan,54468,54468,54468,54468
13015960102,Rural,0,0,0,0
13015960102,Town,0,0,0,0
13015960802,Metropolitan,4480,4480,4480,4480
13015960802,Rural,0,0,0,0
13015960802,Town,0,0,0,0
13015961000,Metropolitan,44444,44444,44444,44444
13015961000,Rural,0,0,0,0
13015961000,Town,0,0,0,0
13015960801,Metropolitan,5971,5971,5971,5971
13015960801,Rural,0,0,0,0
13015960801,Town,0,0,0,0
13015960300,Metropolitan,39441,39441,39441,39441
13015960300,Rural,0,0,0,0
13015960300,Town,0,0,0,0
13015960902,Metropolitan,9064,9064,9064,9064
13015960902,Rural,0,0,0,0
13015960902,Town,0,0,0,0
13015960500,Metropolitan,6003,6003,6003,6003
13015960500,Rural,0,0,0,0
13015960500,Town,0,0,0,0
13015960600,Metropolitan,6188,6188,6188,6188
13015960600,Rural,0,0,0,0
13015960600,Town,0,0,0,0
13015960200,Metropolitan,43623,43623,43623,43623
13015960200,Rural,0,0,0,0
13015960200,Town,0,0,0,0
13015960401,Metropolitan,4386,4386,4386,4386
13015960401,Rural,0,0,0,0
13015960401,Town,0,0,0,0
13015960803,Metropolitan,20403,20403,20403,20403
13015960803,Rural,0,0,0,0
13015960803,Town,0,0,0,0
13015960700,Metropolitan,18029,18029,18029,18029
13015960700,Rural,0,0,0,0
13015960700,Town,0,0,0,0
13135050319,Metropolitan,858,858,858,858
13135050319,Rural,0,0,0,0
13135050319,Town,0,0,0,0
13135050219,Metropolitan,711,711,711,711
13135050219,Rural,0,0,0,0
13135050219,Town,0,0,0,0
13135050211,Metropolitan,853,853,853,853
13135050211,Rural,0,0,0,0
13135050211,Town,0,0,0,0
13135050215,Metropolitan,1805,1805,1805,1805
13135050215,Rural,0,0,0,0
13135050215,Town,0,0,0,0
13135050216,Metropolitan,3446,3446,3446,3446
13135050216,Rural,0,0,0,0
13135050216,Town,0,0,0,0
13135050527,Metropolitan,1483,1483,1483,1483
13135050527,Rural,0,0,0,0
13135050527,Town,0,0,0,0
13135050549,Metropolitan,991,991,991,991
13135050549,Rural,0,0,0,0
13135050549,Town,0,0,0,0
13135050540,Metropolitan,1084,1084,1084,1084
13135050540,Rural,0,0,0,0
13135050540,Town,0,0,0,0
13135050722,Metropolitan,899,899,899,899
13135050722,Rural,0,0,0,0
13135050722,Town,0,0,0,0
13135050729,Metropolitan,666,666,666,666
13135050729,Rural,0,0,0,0
13135050729,Town,0,0,0,0
13135050725,Metropolitan,1222,1222,1222,1222
13135050725,Rural,0,0,0,0
13135050725,Town,0,0,0,0
13135050730,Metropolitan,2567,2567,2567,2567
13135050730,Rural,0,0,0,0
13135050730,Town,0,0,0,0
13135050728,Metropolitan,7354,7354,7354,7354
13135050728,Rural,0,0,0,0
13135050728,Town,0,0,0,0
13135050731,Metropolitan,3939,3939,3939,3939
13135050731,Rural,0,0,0,0
13135050731,Town,0,0,0,0
13135050609,Metropolitan,7381,7381,7381,7381
13135050609,Rural,0,0,0,0
13135050609,Town,0,0,0,0
13135050610,Metropolitan,8169,8169,8169,8169
13135050610,Rural,0,0,0,0
13135050610,Town,0,0,0,0
13135050541,Metropolitan,317,317,317,317
13135050541,Rural,0,0,0,0
13135050541,Town,0,0,0,0
13135050524,Metropolitan,850,850,850,850
13135050524,Rural,0,0,0,0
13135050524,Town,0,0,0,0
13135050547,Metropolitan,2585,2585,2585,2585
13135050547,Rural,0,0,0,0
13135050547,Town,0,0,0,0
13135050523,Metropolitan,1909,1909,1909,1909
13135050523,Rural,0,0,0,0
13135050523,Town,0,0,0,0
13135050724,Metropolitan,6478,6478,6478,6478
13135050724,Rural,0,0,0,0
13135050724,Town,0,0,0,0
13135050543,Metropolitan,1657,1657,1657,1657
13135050543,Rural,0,0,0,0
13135050543,Town,0,0,0,0
13135050545,Metropolitan,3328,3328,3328,3328
13135050545,Rural,0,0,0,0
13135050545,Town,0,0,0,0
13135050727,Metropolitan,4163,4163,4163,4163
13135050727,Rural,0,0,0,0
13135050727,Town,0,0,0,0
13135050548,Metropolitan,4967,4967,4967,4967
13135050548,Rural,0,0,0,0
13135050548,Town,0,0,0,0
13135050546,Metropolitan,5136,5136,5136,5136
13135050546,Rural,0,0,0,0
13135050546,Town,0,0,0,0
13135050726,Metropolitan,7855,7855,7855,7855
13135050726,Rural,0,0,0,0
13135050726,Town,0,0,0,0
13135050608,Metropolitan,21310,21310,21310,21310
13135050608,Rural,0,0,0,0
13135050608,Town,0,0,0,0
13135050607,Metropolitan,6906,6906,6906,6906
13135050607,Rural,0,0,0,0
13135050607,Town,0,0,0,0
13135050542,Metropolitan,912,912,912,912
13135050542,Rural,0,0,0,0
13135050542,Town,0,0,0,0
13135050536,Metropolitan,1893,1893,1893,1893
13135050536,Rural,0,0,0,0
13135050536,Town,0,0,0,0
13135050537,Metropolitan,880,880,880,880
13135050537,Rural,0,0,0,0
13135050537,Town,0,0,0,0
13135050539,Metropolitan,577,577,577,577
13135050539,Rural,0,0,0,0
13135050539,Town,0,0,0,0
13135050544,Metropolitan,2480,2480,2480,2480
13135050544,Rural,0,0,0,0
13135050544,Town,0,0,0,0
13135050535,Metropolitan,1610,1610,1610,1610
13135050535,Rural,0,0,0,0
13135050535,Town,0,0,0,0
13135050532,Metropolitan,1430,1430,1430,1430
13135050532,Rural,0,0,0,0
13135050532,Town,0,0,0,0
13135050534,Metropolitan,1123,1123,1123,1123
13135050534,Rural,0,0,0,0
13135050534,Town,0,0,0,0
13135050723,Metropolitan,2322,2322,2322,2322
13135050723,Rural,0,0,0,0
13135050723,Town,0,0,0,0
13135050435,Metropolitan,1051,1051,1051,1051
13135050435,Rural,0,0,0,0
13135050435,Town,0,0,0,0
13135050531,Metropolitan,1843,1843,1843,1843
13135050531,Rural,0,0,0,0
13135050531,Town,0,0,0,0
13135050533,Metropolitan,1619,1619,1619,1619
13135050533,Rural,0,0,0,0
13135050533,Town,0,0,0,0
13135050436,Metropolitan,1382,1382,1382,1382
13135050436,Rural,0,0,0,0
13135050436,Town,0,0,0,0
13135050433,Metropolitan,310,310,310,310
13135050433,Rural,0,0,0,0
13135050433,Town,0,0,0,0
13135050432,Metropolitan,1422,1422,1422,1422
13135050432,Rural,0,0,0,0
13135050432,Town,0,0,0,0
13135050434,Metropolitan,580,580,580,580
13135050434,Rural,0,0,0,0
13135050434,Town,0,0,0,0
13135050321,Metropolitan,1296,1296,1296,1296
13135050321,Rural,0,0,0,0
13135050321,Town,0,0,0,0
13217100903,Metropolitan,4267,4267,4267,4267
13217100903,Rural,0,0,0,0
13217100903,Town,0,0,0,0
13217100902,Metropolitan,3188,3188,3188,3188
13217100902,Rural,0,0,0,0
13217100902,Town,0,0,0,0
13217100901,Metropolitan,15718,15718,15718,15718
13217100901,Rural,0,0,0,0
13217100901,Town,0,0,0,0
13217100201,Metropolitan,34508,34508,34508,34508
13217100201,Rural,0,0,0,0
13217100201,Town,0,0,0,0
13217100501,Metropolitan,4727,4727,4727,4727
13217100501,Rural,0,0,0,0
13217100501,Town,0,0,0,0
13217100800,Metropolitan,32415,32415,32415,32415
13217100800,Rural,0,0,0,0
13217100800,Town,0,0,0,0
13217100202,Metropolitan,25016,25016,25016,25016
13217100202,Rural,0,0,0,0
13217100202,Town,0,0,0,0
13217100700,Metropolitan,3793,3793,3793,3793
13217100700,Rural,0,0,0,0
13217100700,Town,0,0,0,0
13217100600,Metropolitan,7345,7345,7345,7345
13217100600,Rural,0,0,0,0
13217100600,Town,0,0,0,0
13217100502,Metropolitan,5569,5569,5569,5569
13217100502,Rural,0,0,0,0
13217100502,Town,0,0,0,0
13217100400,Metropolitan,2692,2692,2692,2692
13217100400,Rural,0,0,0,0
13217100400,Town,0,0,0,0
13217100300,Metropolitan,8617,8617,8617,8617
13217100300,Rural,0,0,0,0
13217100300,Town,0,0,0,0
13217100100,Metropolitan,30799,30799,30799,30799
13217100100,Rural,0,0,0,0
13217100100,Town,0,0,0,0
13135050322,Metropolitan,1285,1285,1285,1285
13135050322,Rural,0,0,0,0
13135050322,Town,0,0,0,0
13135050318,Metropolitan,212,212,212,212
13135050318,Rural,0,0,0,0
13135050318,Town,0,0,0,0
13135050320,Metropolitan,921,921,921,921
13135050320,Rural,0,0,0,0
13135050320,Town,0,0,0,0
13135050317,Metropolitan,322,322,322,322
13135050317,Rural,0,0,0,0
13135050317,Town,0,0,0,0
13135050220,Metropolitan,1129,1129,1129,1129
13135050220,Rural,0,0,0,0
13135050220,Town,0,0,0,0
13135050214,Metropolitan,2694,2694,2694,2694
13135050214,Rural,0,0,0,0
13135050214,Town,0,0,0,0
13135050218,Metropolitan,843,843,843,843
13135050218,Rural,0,0,0,0
13135050218,Town,0,0,0,0
13135050209,Metropolitan,1780,1780,1780,1780
13135050209,Rural,0,0,0,0
13135050209,Town,0,0,0,0
13135050217,Metropolitan,3204,3204,3204,3204
13135050217,Rural,0,0,0,0
13135050217,Town,0,0,0,0
13135050529,Metropolitan,1351,1351,1351,1351
13135050529,Rural,0,0,0,0
13135050529,Town,0,0,0,0
13135050530,Metropolitan,881,881,881,881
13135050530,Rural,0,0,0,0
13135050530,Town,0,0,0,0
13135050538,Metropolitan,1263,1263,1263,1263
13135050538,Rural,0,0,0,0
13135050538,Town,0,0,0,0
13135050525,Metropolitan,2203,2203,2203,2203
13135050525,Rural,0,0,0,0
13135050525,Town,0,0,0,0
13135050528,Metropolitan,1363,1363,1363,1363
13135050528,Rural,0,0,0,0
13135050528,Town,0,0,0,0
13135050605,Metropolitan,5142,5142,5142,5142
13135050605,Rural,0,0,0,0
13135050605,Town,0,0,0,0
13135050606,Metropolitan,9607,9607,9607,9607
13135050606,Rural,0,0,0,0
13135050606,Town,0,0,0,0
13135050210,Metropolitan,3165,3165,3165,3165
13135050210,Rural,0,0,0,0
13135050210,Town,0,0,0,0
13135050213,Metropolitan,4315,4315,4315,4315
13135050213,Rural,0,0,0,0
13135050213,Town,0,0,0,0
13135050208,Metropolitan,1772,1772,1772,1772
13135050208,Rural,0,0,0,0
13135050208,Town,0,0,0,0
13135050212,Metropolitan,4191,4191,4191,4191
13135050212,Rural,0,0,0,0
13135050212,Town,0,0,0,0
13135050109,Metropolitan,2167,2167,2167,2167
13135050109,Rural,0,0,0,0
13135050109,Town,0,0,0,0
13135050107,Metropolitan,4575,4575,4575,4575
13135050107,Rural,0,0,0,0
13135050107,Town,0,0,0,0
13135050108,Metropolitan,3664,3664,3664,3664
13135050108,Rural,0,0,0,0
13135050108,Town,0,0,0,0
13135050105,Metropolitan,3594,3594,3594,3594
13135050105,Rural,0,0,0,0
13135050105,Town,0,0,0,0
13135050103,Metropolitan,5409,5409,5409,5409
13135050103,Rural,0,0,0,0
13135050103,Town,0,0,0,0
13135050422,Metropolitan,620,620,620,620
13135050422,Rural,0,0,0,0
13135050422,Town,0,0,0,0
13135050304,Metropolitan,1902,1902,1902,1902
13135050304,Rural,0,0,0,0
13135050304,Town,0,0,0,0
13135050419,Metropolitan,1091,1091,1091,1091
13135050419,Rural,0,0,0,0
13135050419,Town,0,0,0,0
13135050306,Metropolitan,2509,2509,2509,2509
13135050306,Rural,0,0,0,0
13135050306,Town,0,0,0,0
13135050106,Metropolitan,5947,5947,5947,5947
13135050106,Rural,0,0,0,0
13135050106,Town,0,0,0,0
13135050205,Metropolitan,1280,1280,1280,1280
13135050205,Rural,0,0,0,0
13135050205,Town,0,0,0,0
13135050417,Metropolitan,648,648,648,648
13135050417,Rural,0,0,0,0
13135050417,Town,0,0,0,0
13135050314,Metropolitan,1312,1312,1312,1312
13135050314,Rural,0,0,0,0
13135050314,Town,0,0,0,0
13135050308,Metropolitan,1406,1406,1406,1406
13135050308,Rural,0,0,0,0
13135050308,Town,0,0,0,0
13135050309,Metropolitan,3071,3071,3071,3071
13135050309,Rural,0,0,0,0
13135050309,Town,0,0,0,0
13135050313,Metropolitan,1948,1948,1948,1948
13135050313,Rural,0,0,0,0
13135050313,Town,0,0,0,0
13135050311,Metropolitan,1215,1215,1215,1215
13135050311,Rural,0,0,0,0
13135050311,Town,0,0,0,0
13135050310,Metropolitan,1828,1828,1828,1828
13135050310,Rural,0,0,0,0
13135050310,Town,0,0,0,0
13135050424,Metropolitan,1819,1819,1819,1819
13135050424,Rural,0,0,0,0
13135050424,Town,0,0,0,0
13135050421,Metropolitan,1364,1364,1364,1364
13135050421,Rural,0,0,0,0
13135050421,Town,0,0,0,0
13135050315,Metropolitan,696,696,696,696
13135050315,Rural,0,0,0,0
13135050315,Town,0,0,0,0
13135050418,Metropolitan,511,511,511,511
13135050418,Rural,0,0,0,0
13135050418,Town,0,0,0,0
13135050521,Metropolitan,1376,1376,1376,1376
13135050521,Rural,0,0,0,0
13135050521,Town,0,0,0,0
13135050522,Metropolitan,1150,1150,1150,1150
13135050522,Rural,0,0,0,0
13135050522,Town,0,0,0,0
13135050520,Metropolitan,1382,1382,1382,1382
13135050520,Rural,0,0,0,0
13135050520,Town,0,0,0,0
13135050511,Metropolitan,3187,3187,3187,3187
13135050511,Rural,0,0,0,0
13135050511,Town,0,0,0,0
13135050714,Metropolitan,2037,2037,2037,2037
13135050714,Rural,0,0,0,0
13135050714,Town,0,0,0,0
13135050429,Metropolitan,2219,2219,2219,2219
13135050429,Rural,0,0,0,0
13135050429,Town,0,0,0,0
13135050713,Metropolitan,1644,1644,1644,1644
13135050713,Rural,0,0,0,0
13135050713,Town,0,0,0,0
13135050423,Metropolitan,1481,1481,1481,1481
13135050423,Rural,0,0,0,0
13135050423,Town,0,0,0,0
13135050410,Metropolitan,1548,1548,1548,1548
13135050410,Rural,0,0,0,0
13135050410,Town,0,0,0,0
13135050720,Metropolitan,2624,2624,2624,2624
13135050720,Rural,0,0,0,0
13135050720,Town,0,0,0,0
13135050712,Metropolitan,2069,2069,2069,2069
13135050712,Rural,0,0,0,0
13135050712,Town,0,0,0,0
13135050719,Metropolitan,1467,1467,1467,1467
13135050719,Rural,0,0,0,0
13135050719,Town,0,0,0,0
13135050721,Metropolitan,2886,2886,2886,2886
13135050721,Rural,0,0,0,0
13135050721,Town,0,0,0,0
13135050709,Metropolitan,5028,5028,5028,5028
13135050709,Rural,0,0,0,0
13135050709,Town,0,0,0,0
13135050715,Metropolitan,1752,1752,1752,1752
13135050715,Rural,0,0,0,0
13135050715,Town,0,0,0,0
13135050415,Metropolitan,2112,2112,2112,2112
13135050415,Rural,0,0,0,0
13135050415,Town,0,0,0,0
13135050718,Metropolitan,3048,3048,3048,3048
13135050718,Rural,0,0,0,0
13135050718,Town,0,0,0,0
13135050427,Metropolitan,1832,1832,1832,1832
13135050427,Rural,0,0,0,0
13135050427,Town,0,0,0,0
13135050428,Metropolitan,1870,1870,1870,1870
13135050428,Rural,0,0,0,0
13135050428,Town,0,0,0,0
13135050416,Metropolitan,1434,1434,1434,1434
13135050416,Rural,0,0,0,0
13135050416,Town,0,0,0,0
13135050425,Metropolitan,1761,1761,1761,1761
13135050425,Rural,0,0,0,0
13135050425,Town,0,0,0,0
13135050526,Metropolitan,681,681,681,681
13135050526,Rural,0,0,0,0
13135050526,Town,0,0,0,0
13135050431,Metropolitan,1342,1342,1342,1342
13135050431,Rural,0,0,0,0
13135050431,Town,0,0,0,0
13135050426,Metropolitan,2101,2101,2101,2101
13135050426,Rural,0,0,0,0
13135050426,Town,0,0,0,0
13135050430,Metropolitan,1613,1613,1613,1613
13135050430,Rural,0,0,0,0
13135050430,Town,0,0,0,0
13121009501,Metropolitan,1119,1119,1119,1119
13121009501,Rural,0,0,0,0
13121009501,Town,0,0,0,0
13121011305,Metropolitan,725,725,725,725
13121011305,Rural,0,0,0,0
13121011305,Town,0,0,0,0
13121011306,Metropolitan,1772,1772,1772,1772
13121011306,Rural,0,0,0,0
13121011306,Town,0,0,0,0
13121007706,Metropolitan,3302,3302,3302,3302
13121007706,Rural,0,0,0,0
13121007706,Town,0,0,0,0
13121007703,Metropolitan,1120,1120,1120,1120
13121007703,Rural,0,0,0,0
13121007703,Town,0,0,0,0
13121003700,Metropolitan,22,22,22,22
13121003700,Rural,0,0,0,0
13121003700,Town,0,0,0,0
13121011202,Metropolitan,793,793,793,793
13121011202,Rural,0,0,0,0
13121011202,Town,0,0,0,0
13121011100,Metropolitan,848,848,848,848
13121011100,Rural,0,0,0,0
13121011100,Town,0,0,0,0
13121011201,Metropolitan,930,930,930,930
13121011201,Rural,0,0,0,0
13121011201,Town,0,0,0,0
13121011303,Metropolitan,1735,1735,1735,1735
13121011303,Rural,0,0,0,0
13121011303,Town,0,0,0,0
13121008102,Metropolitan,1787,1787,1787,1787
13121008102,Rural,0,0,0,0
13121008102,Town,0,0,0,0
13121007002,Metropolitan,1082,1082,1082,1082
13121007002,Rural,0,0,0,0
13121007002,Town,0,0,0,0
13121011301,Metropolitan,1250,1250,1250,1250
13121011301,Rural,0,0,0,0
13121011301,Town,0,0,0,0
13139001202,Metropolitan,11837,11837,11837,11837
13139001202,Rural,0,0,0,0
13139001202,Town,0,0,0,0
13139000101,Metropolitan,23301,23301,23301,23301
13139000101,Rural,0,0,0,0
13139000101,Town,0,0,0,0
13139000701,Metropolitan,7360,7360,7360,7360
13139000701,Rural,0,0,0,0
13139000701,Town,0,0,0,0
13139000702,Metropolitan,6922,6922,6922,6922
13139000702,Rural,0,0,0,0
13139000702,Town,0,0,0,0
13139000102,Metropolitan,19873,19873,19873,19873
13139000102,Rural,0,0,0,0
13139000102,Town,0,0,0,0
13139000201,Metropolitan,31700,31700,31700,31700
13139000201,Rural,0,0,0,0
13139000201,Town,0,0,0,0
13139000302,Metropolitan,10412,10412,10412,10412
13139000302,Rural,0,0,0,0
13139000302,Town,0,0,0,0
13139000900,Metropolitan,1801,1801,1801,1801
13139000900,Rural,0,0,0,0
13139000900,Town,0,0,0,0
13139000500,Metropolitan,5864,5864,5864,5864
13139000500,Rural,0,0,0,0
13139000500,Town,0,0,0,0
13139001402,Metropolitan,4738,4738,4738,4738
13139001402,Rural,0,0,0,0
13139001402,Town,0,0,0,0
13139001002,Metropolitan,5572,5572,5572,5572
13139001002,Rural,0,0,0,0
13139001002,Town,0,0,0,0
13139000800,Metropolitan,1188,1188,1188,1188
13139000800,Rural,0,0,0,0
13139000800,Town,0,0,0,0
13139000600,Metropolitan,7538,7538,7538,7538
13139000600,Rural,0,0,0,0
13139000600,Town,0,0,0,0
13139000400,Metropolitan,6209,6209,6209,6209
13139000400,Rural,0,0,0,0
13139000400,Town,0,0,0,0
13121007604,Metropolitan,276,276,276,276
13121007604,Rural,0,0,0,0
13121007604,Town,0,0,0,0
13121007704,Metropolitan,1688,1688,1688,1688
13121007704,Rural,0,0,0,0
13121007704,Town,0,0,0,0
13121007603,Metropolitan,779,779,779,779
13121007603,Rural,0,0,0,0
13121007603,Town,0,0,0,0
13121011427,Metropolitan,1730,1730,1730,1730
13121011427,Rural,0,0,0,0
13121011427,Town,0,0,0,0
13121011616,Metropolitan,1417,1417,1417,1417
13121011616,Rural,0,0,0,0
13121011616,Town,0,0,0,0
13121011617,Metropolitan,1626,1626,1626,1626
13121011617,Rural,0,0,0,0
13121011617,Town,0,0,0,0
13121011611,Metropolitan,3505,3505,3505,3505
13121011611,Rural,0,0,0,0
13121011611,Town,0,0,0,0
13121010800,Metropolitan,1367,1367,1367,1367
13121010800,Rural,0,0,0,0
13121010800,Town,0,0,0,0
13121980000,Metropolitan,675,675,675,675
13121980000,Rural,0,0,0,0
13121980000,Town,0,0,0,0
13121004300,Metropolitan,152,152,152,152
13121004300,Rural,0,0,0,0
13121004300,Town,0,0,0,0
13121008904,Metropolitan,757,757,757,757
13121008904,Rural,0,0,0,0
13121008904,Town,0,0,0,0
13121008903,Metropolitan,286,286,286,286
13121008903,Rural,0,0,0,0
13121008903,Town,0,0,0,0
13121001001,Metropolitan,231,231,231,231
13121001001,Rural,0,0,0,0
13121001001,Town,0,0,0,0
13121009101,Metropolitan,425,425,425,425
13121009101,Rural,0,0,0,0
13121009101,Town,0,0,0,0
13121001201,Metropolitan,140,140,140,140
13121001201,Rural,0,0,0,0
13121001201,Town,0,0,0,0
13121001202,Metropolitan,119,119,119,119
13121001202,Rural,0,0,0,0
13121001202,Town,0,0,0,0
13121009102,Metropolitan,398,398,398,398
13121009102,Rural,0,0,0,0
13121009102,Town,0,0,0,0
13121010108,Metropolitan,1249,1249,1249,1249
13121010108,Rural,0,0,0,0
13121010108,Town,0,0,0,0
13121007500,Metropolitan,815,815,815,815
13121007500,Rural,0,0,0,0
13121007500,Town,0,0,0,0
13121008101,Metropolitan,223,223,223,223
13121008101,Rural,0,0,0,0
13121008101,Town,0,0,0,0
13121006000,Metropolitan,386,386,386,386
13121006000,Rural,0,0,0,0
13121006000,Town,0,0,0,0
13121000700,Metropolitan,431,431,431,431
13121000700,Rural,0,0,0,0
13121000700,Town,0,0,0,0
13121001002,Metropolitan,438,438,438,438
13121001002,Rural,0,0,0,0
13121001002,Town,0,0,0,0
13121011410,Metropolitan,1938,1938,1938,1938
13121011410,Rural,0,0,0,0
13121011410,Town,0,0,0,0
13121010107,Metropolitan,1356,1356,1356,1356
13121010107,Rural,0,0,0,0
13121010107,Town,0,0,0,0
13121011405,Metropolitan,1904,1904,1904,1904
13121011405,Rural,0,0,0,0
13121011405,Town,0,0,0,0
13121010106,Metropolitan,1713,1713,1713,1713
13121010106,Rural,0,0,0,0
13121010106,Town,0,0,0,0
13121002900,Metropolitan,177,177,177,177
13121002900,Rural,0,0,0,0
13121002900,Town,0,0,0,0
13121010110,Metropolitan,1332,1332,1332,1332
13121010110,Rural,0,0,0,0
13121010110,Town,0,0,0,0
13121010205,Metropolitan,1633,1633,1633,1633
13121010205,Rural,0,0,0,0
13121010205,Town,0,0,0,0
13121010210,Metropolitan,1164,1164,1164,1164
13121010210,Rural,0,0,0,0
13121010210,Town,0,0,0,0
13121010209,Metropolitan,964,964,964,964
13121010209,Rural,0,0,0,0
13121010209,Town,0,0,0,0
13121008902,Metropolitan,1762,1762,1762,1762
13121008902,Rural,0,0,0,0
13121008902,Town,0,0,0,0
13121008500,Metropolitan,937,937,937,937
13121008500,Rural,0,0,0,0
13121008500,Town,0,0,0,0
13121008601,Metropolitan,1114,1114,1114,1114
13121008601,Rural,0,0,0,0
13121008601,Town,0,0,0,0
13121005800,Metropolitan,310,310,310,310
13121005800,Rural,0,0,0,0
13121005800,Town,0,0,0,0
13121007900,Metropolitan,2088,2088,2088,2088
13121007900,Rural,0,0,0,0
13121007900,Town,0,0,0,0
13121010601,Metropolitan,724,724,724,724
13121010601,Rural,0,0,0,0
13121010601,Town,0,0,0,0
13121008700,Metropolitan,1918,1918,1918,1918
13121008700,Rural,0,0,0,0
13121008700,Town,0,0,0,0
13121012300,Metropolitan,888,888,888,888
13121012300,Rural,0,0,0,0
13121012300,Town,0,0,0,0
13121012000,Metropolitan,569,569,569,569
13121012000,Rural,0,0,0,0
13121012000,Town,0,0,0,0
13121011900,Metropolitan,378,378,378,378
13121011900,Rural,0,0,0,0
13121011900,Town,0,0,0,0
13121011800,Metropolitan,462,462,462,462
13121011800,Rural,0,0,0,0
13121011800,Town,0,0,0,0
13121011624,Metropolitan,667,667,667,667
13121011624,Rural,0,0,0,0
13121011624,Town,0,0,0,0
13121003600,Metropolitan,97,97,97,97
13121003600,Rural,0,0,0,0
13121003600,Town,0,0,0,0
13121003500,Metropolitan,341,341,341,341
13121003500,Rural,0,0,0,0
13121003500,Town,0,0,0,0
13121010208,Metropolitan,1557,1557,1557,1557
13121010208,Rural,0,0,0,0
13121010208,Town,0,0,0,0
13121011411,Metropolitan,1901,1901,1901,1901
13121011411,Rural,0,0,0,0
13121011411,Town,0,0,0,0
13121011412,Metropolitan,2222,2222,2222,2222
13121011412,Rural,0,0,0,0
13121011412,Town,0,0,0,0
13121011414,Metropolitan,1160,1160,1160,1160
13121011414,Rural,0,0,0,0
13121011414,Town,0,0,0,0
13121010603,Metropolitan,1526,1526,1526,1526
13121010603,Rural,0,0,0,0
13121010603,Town,0,0,0,0
13121010604,Metropolitan,1171,1171,1171,1171
13121010604,Rural,0,0,0,0
13121010604,Town,0,0,0,0
13121007300,Metropolitan,1896,1896,1896,1896
13121007300,Rural,0,0,0,0
13121007300,Town,0,0,0,0
13121010508,Metropolitan,965,965,965,965
13121010508,Rural,0,0,0,0
13121010508,Town,0,0,0,0
13121010507,Metropolitan,1716,1716,1716,1716
13121010507,Rural,0,0,0,0
13121010507,Town,0,0,0,0
13121010511,Metropolitan,4012,4012,4012,4012
13121010511,Rural,0,0,0,0
13121010511,Town,0,0,0,0
13121011626,Metropolitan,1433,1433,1433,1433
13121011626,Rural,0,0,0,0
13121011626,Town,0,0,0,0
13121011622,Metropolitan,4235,4235,4235,4235
13121011622,Rural,0,0,0,0
13121011622,Town,0,0,0,0
13121011424,Metropolitan,1206,1206,1206,1206
13121011424,Rural,0,0,0,0
13121011424,Town,0,0,0,0
13121011422,Metropolitan,1045,1045,1045,1045
13121011422,Rural,0,0,0,0
13121011422,Town,0,0,0,0
13121011505,Metropolitan,1063,1063,1063,1063
13121011505,Rural,0,0,0,0
13121011505,Town,0,0,0,0
13121010123,Metropolitan,687,687,687,687
13121010123,Rural,0,0,0,0
13121010123,Town,0,0,0,0
13121000100,Metropolitan,831,831,831,831
13121000100,Rural,0,0,0,0
13121000100,Town,0,0,0,0
13121000200,Metropolitan,711,711,711,711
13121000200,Rural,0,0,0,0
13121000200,Town,0,0,0,0
13121009402,Metropolitan,336,336,336,336
13121009402,Rural,0,0,0,0
13121009402,Town,0,0,0,0
13121001100,Metropolitan,116,116,116,116
13121001100,Rural,0,0,0,0
13121001100,Town,0,0,0,0
13121000400,Metropolitan,397,397,397,397
13121000400,Rural,0,0,0,0
13121000400,Town,0,0,0,0
13121009200,Metropolitan,875,875,875,875
13121009200,Rural,0,0,0,0
13121009200,Town,0,0,0,0
13121008201,Metropolitan,1324,1324,1324,1324
13121008201,Rural,0,0,0,0
13121008201,Town,0,0,0,0
13121007808,Metropolitan,403,403,403,403
13121007808,Rural,0,0,0,0
13121007808,Town,0,0,0,0
13121007806,Metropolitan,1247,1247,1247,1247
13121007806,Rural,0,0,0,0
13121007806,Town,0,0,0,0
13121008800,Metropolitan,2419,2419,2419,2419
13121008800,Rural,0,0,0,0
13121008800,Town,0,0,0,0
13121008602,Metropolitan,1139,1139,1139,1139
13121008602,Rural,0,0,0,0
13121008602,Town,0,0,0,0
13121010121,Metropolitan,518,518,518,518
13121010121,Rural,0,0,0,0
13121010121,Town,0,0,0,0
13121010119,Metropolitan,533,533,533,533
13121010119,Rural,0,0,0,0
13121010119,Town,0,0,0,0
13121010211,Metropolitan,954,954,954,954
13121010211,Rural,0,0,0,0
13121010211,Town,0,0,0,0
13121009801,Metropolitan,1405,1405,1405,1405
13121009801,Rural,0,0,0,0
13121009801,Town,0,0,0,0
13121009603,Metropolitan,464,464,464,464
13121009603,Rural,0,0,0,0
13121009603,Town,0,0,0,0
13121009601,Metropolitan,203,203,203,203
13121009601,Rural,0,0,0,0
13121009601,Town,0,0,0,0
13121007705,Metropolitan,821,821,821,821
13121007705,Rural,0,0,0,0
13121007705,Town,0,0,0,0
13121011612,Metropolitan,1842,1842,1842,1842
13121011612,Rural,0,0,0,0
13121011612,Town,0,0,0,0
13121011623,Metropolitan,2300,2300,2300,2300
13121011623,Rural,0,0,0,0
13121011623,Town,0,0,0,0
13121011625,Metropolitan,1508,1508,1508,1508
13121011625,Rural,0,0,0,0
13121011625,Town,0,0,0,0
13121011619,Metropolitan,1765,1765,1765,1765
13121011619,Rural,0,0,0,0
13121011619,Town,0,0,0,0
13121011621,Metropolitan,2720,2720,2720,2720
13121011621,Rural,0,0,0,0
13121011621,Town,0,0,0,0
13121000500,Metropolitan,817,817,817,817
13121000500,Rural,0,0,0,0
13121000500,Town,0,0,0,0
13121009300,Metropolitan,605,605,605,605
13121009300,Rural,0,0,0,0
13121009300,Town,0,0,0,0
13121009900,Metropolitan,1931,1931,1931,1931
13121009900,Rural,0,0,0,0
13121009900,Town,0,0,0,0
13121009000,Metropolitan,788,788,788,788
13121009000,Rural,0,0,0,0
13121009000,Town,0,0,0,0
13121009700,Metropolitan,2685,2685,2685,2685
13121009700,Rural,0,0,0,0
13121009700,Town,0,0,0,0
13121010206,Metropolitan,3701,3701,3701,3701
13121010206,Rural,0,0,0,0
13121010206,Town,0,0,0,0
13121010204,Metropolitan,2413,2413,2413,2413
13121010204,Rural,0,0,0,0
13121010204,Town,0,0,0,0
13121007100,Metropolitan,612,612,612,612
13121007100,Rural,0,0,0,0
13121007100,Town,0,0,0,0
13121006801,Metropolitan,163,163,163,163
13121006801,Rural,0,0,0,0
13121006801,Town,0,0,0,0
13121006900,Metropolitan,778,778,778,778
13121006900,Rural,0,0,0,0
13121006900,Town,0,0,0,0
13121005200,Metropolitan,560,560,560,560
13121005200,Rural,0,0,0,0
13121005200,Town,0,0,0,0
13121005000,Metropolitan,336,336,336,336
13121005000,Rural,0,0,0,0
13121005000,Town,0,0,0,0
13121001500,Metropolitan,284,284,284,284
13121001500,Rural,0,0,0,0
13121001500,Town,0,0,0,0
13121007807,Metropolitan,716,716,716,716
13121007807,Rural,0,0,0,0
13121007807,Town,0,0,0,0
13121010510,Metropolitan,7708,7708,7708,7708
13121010510,Rural,0,0,0,0
13121010510,Town,0,0,0,0
13121010512,Metropolitan,2285,2285,2285,2285
13121010512,Rural,0,0,0,0
13121010512,Town,0,0,0,0
13121007802,Metropolitan,3365,3365,3365,3365
13121007802,Rural,0,0,0,0
13121007802,Town,0,0,0,0
13121007805,Metropolitan,3756,3756,3756,3756
13121007805,Rural,0,0,0,0
13121007805,Town,0,0,0,0
13121011618,Metropolitan,1291,1291,1291,1291
13121011618,Rural,0,0,0,0
13121011618,Town,0,0,0,0
13121011610,Metropolitan,1167,1167,1167,1167
13121011610,Rural,0,0,0,0
13121011610,Town,0,0,0,0
13121011614,Metropolitan,2101,2101,2101,2101
13121011614,Rural,0,0,0,0
13121011614,Town,0,0,0,0
13121011620,Metropolitan,1919,1919,1919,1919
13121011620,Rural,0,0,0,0
13121011620,Town,0,0,0,0
13121011420,Metropolitan,411,411,411,411
13121011420,Rural,0,0,0,0
13121011420,Town,0,0,0,0
13121011613,Metropolitan,1617,1617,1617,1617
13121011613,Rural,0,0,0,0
13121011613,Town,0,0,0,0
13121011426,Metropolitan,363,363,363,363
13121011426,Rural,0,0,0,0
13121011426,Town,0,0,0,0
13121011425,Metropolitan,2756,2756,2756,2756
13121011425,Rural,0,0,0,0
13121011425,Town,0,0,0,0
13121011423,Metropolitan,1618,1618,1618,1618
13121011423,Rural,0,0,0,0
13121011423,Town,0,0,0,0
13121011418,Metropolitan,2684,2684,2684,2684
13121011418,Rural,0,0,0,0
13121011418,Town,0,0,0,0
13121002600,Metropolitan,236,236,236,236
13121002600,Rural,0,0,0,0
13121002600,Town,0,0,0,0
13121001700,Metropolitan,308,308,308,308
13121001700,Rural,0,0,0,0
13121001700,Town,0,0,0,0
13121001400,Metropolitan,179,179,179,179
13121001400,Rural,0,0,0,0
13121001400,Town,0,0,0,0
13121003000,Metropolitan,293,293,293,293
13121003000,Rural,0,0,0,0
13121003000,Town,0,0,0,0
13121011000,Metropolitan,706,706,706,706
13121011000,Rural,0,0,0,0
13121011000,Town,0,0,0,0
13121007400,Metropolitan,575,575,575,575
13121007400,Rural,0,0,0,0
13121007400,Town,0,0,0,0
13121006400,Metropolitan,310,310,310,310
13121006400,Rural,0,0,0,0
13121006400,Town,0,0,0,0
13121005300,Metropolitan,547,547,547,547
13121005300,Rural,0,0,0,0
13121005300,Town,0,0,0,0
13121005502,Metropolitan,421,421,421,421
13121005502,Rural,0,0,0,0
13121005502,Town,0,0,0,0
13121008202,Metropolitan,1737,1737,1737,1737
13121008202,Rural,0,0,0,0
13121008202,Town,0,0,0,0
13121010513,Metropolitan,7227,7227,7227,7227
13121010513,Rural,0,0,0,0
13121010513,Town,0,0,0,0
13121010304,Metropolitan,9776,9776,9776,9776
13121010304,Rural,0,0,0,0
13121010304,Town,0,0,0,0
13121010303,Metropolitan,8651,8651,8651,8651
13121010303,Rural,0,0,0,0
13121010303,Town,0,0,0,0
13121010514,Metropolitan,11771,11771,11771,11771
13121010514,Rural,0,0,0,0
13121010514,Town,0,0,0,0
13121010301,Metropolitan,21422,21422,21422,21422
13121010301,Rural,0,0,0,0
13121010301,Town,0,0,0,0
13121010400,Metropolitan,45747,45747,45747,45747
13121010400,Rural,0,0,0,0
13121010400,Town,0,0,0,0
13121011421,Metropolitan,973,973,973,973
13121011421,Rural,0,0,0,0
13121011421,Town,0,0,0,0
13121011416,Metropolitan,1645,1645,1645,1645
13121011416,Rural,0,0,0,0
13121011416,Town,0,0,0,0
13121011506,Metropolitan,2819,2819,2819,2819
13121011506,Rural,0,0,0,0
13121011506,Town,0,0,0,0
13121011417,Metropolitan,1883,1883,1883,1883
13121011417,Rural,0,0,0,0
13121011417,Town,0,0,0,0
13121007001,Metropolitan,1127,1127,1127,1127
13121007001,Rural,0,0,0,0
13121007001,Town,0,0,0,0
13121006700,Metropolitan,843,843,843,843
13121006700,Rural,0,0,0,0
13121006700,Town,0,0,0,0
13121006300,Metropolitan,328,328,328,328
13121006300,Rural,0,0,0,0
13121006300,Town,0,0,0,0
13121005700,Metropolitan,206,206,206,206
13121005700,Rural,0,0,0,0
13121005700,Town,0,0,0,0
13121006500,Metropolitan,810,810,810,810
13121006500,Rural,0,0,0,0
13121006500,Town,0,0,0,0
13121005501,Metropolitan,295,295,295,295
13121005501,Rural,0,0,0,0
13121005501,Town,0,0,0,0
13121004900,Metropolitan,270,270,270,270
13121004900,Rural,0,0,0,0
13121004900,Town,0,0,0,0
13121004800,Metropolitan,97,97,97,97
13121004800,Rural,0,0,0,0
13121004800,Town,0,0,0,0
13121002800,Metropolitan,185,185,185,185
13121002800,Rural,0,0,0,0
13121002800,Town,0,0,0,0
13121011419,Metropolitan,1708,1708,1708,1708
13121011419,Rural,0,0,0,0
13121011419,Town,0,0,0,0
13121011503,Metropolitan,7677,7677,7677,7677
13121011503,Rural,0,0,0,0
13121011503,Town,0,0,0,0
13121011615,Metropolitan,5084,5084,5084,5084
13121011615,Rural,0,0,0,0
13121011615,Town,0,0,0,0
13121011504,Metropolitan,14685,14685,14685,14685
13121011504,Rural,0,0,0,0
13121011504,Town,0,0,0,0
13121010515,Metropolitan,2804,2804,2804,2804
13121010515,Rural,0,0,0,0
13121010515,Town,0,0,0,0
13121010516,Metropolitan,2078,2078,2078,2078
13121010516,Rural,0,0,0,0
13121010516,Town,0,0,0,0
13121010120,Metropolitan,268,268,268,268
13121010120,Rural,0,0,0,0
13121010120,Town,0,0,0,0
13121010117,Metropolitan,338,338,338,338
13121010117,Rural,0,0,0,0
13121010117,Town,0,0,0,0
13121001800,Metropolitan,227,227,227,227
13121001800,Rural,0,0,0,0
13121001800,Town,0,0,0,0
13121001300,Metropolitan,325,325,325,325
13121001300,Rural,0,0,0,0
13121001300,Town,0,0,0,0
13121001900,Metropolitan,246,246,246,246
13121001900,Rural,0,0,0,0
13121001900,Town,0,0,0,0
13121002100,Metropolitan,200,200,200,200
13121002100,Rural,0,0,0,0
13121002100,Town,0,0,0,0
13121004400,Metropolitan,204,204,204,204
13121004400,Rural,0,0,0,0
13121004400,Town,0,0,0,0
13121003200,Metropolitan,263,263,263,263
13121003200,Rural,0,0,0,0
13121003200,Town,0,0,0,0
13121004200,Metropolitan,308,308,308,308
13121004200,Rural,0,0,0,0
13121004200,Town,0,0,0,0
13121003800,Metropolitan,206,206,206,206
13121003800,Rural,0,0,0,0
13121003800,Town,0,0,0,0
13121002500,Metropolitan,215,215,215,215
13121002500,Rural,0,0,0,0
13121002500,Town,0,0,0,0
13121002300,Metropolitan,277,277,277,277
13121002300,Rural,0,0,0,0
13121002300,Town,0,0,0,0
13139001608,Metropolitan,4027,4027,4027,4027
13139001608,Rural,0,0,0,0
13139001608,Town,0,0,0,0
13139001603,Metropolitan,8690,8690,8690,8690
13139001603,Rural,0,0,0,0
13139001603,Town,0,0,0,0
13121010118,Metropolitan,487,487,487,487
13121010118,Rural,0,0,0,0
13121010118,Town,0,0,0,0
13121010113,Metropolitan,546,546,546,546
13121010113,Rural,0,0,0,0
13121010113,Town,0,0,0,0
13121010115,Metropolitan,862,862,862,862
13121010115,Rural,0,0,0,0
13121010115,Town,0,0,0,0
13121010122,Metropolitan,798,798,798,798
13121010122,Rural,0,0,0,0
13121010122,Town,0,0,0,0
13121010114,Metropolitan,1004,1004,1004,1004
13121010114,Rural,0,0,0,0
13121010114,Town,0,0,0,0
13121000600,Metropolitan,361,361,361,361
13121000600,Rural,0,0,0,0
13121000600,Town,0,0,0,0
13121006601,Metropolitan,483,483,483,483
13121006601,Rural,0,0,0,0
13121006601,Town,0,0,0,0
13121006602,Metropolitan,157,157,157,157
13121006602,Rural,0,0,0,0
13121006602,Town,0,0,0,0
13121006200,Metropolitan,257,257,257,257
13121006200,Rural,0,0,0,0
13121006200,Town,0,0,0,0
13121006100,Metropolitan,555,555,555,555
13121006100,Rural,0,0,0,0
13121006100,Town,0,0,0,0
13121001600,Metropolitan,228,228,228,228
13121001600,Rural,0,0,0,0
13121001600,Town,0,0,0,0
13121003100,Metropolitan,216,216,216,216
13121003100,Rural,0,0,0,0
13121003100,Town,0,0,0,0
13121006802,Metropolitan,179,179,179,179
13121006802,Rural,0,0,0,0
13121006802,Town,0,0,0,0
13121007602,Metropolitan,833,833,833,833
13121007602,Rural,0,0,0,0
13121007602,Town,0,0,0,0
13139001606,Metropolitan,2136,2136,2136,2136
13139001606,Rural,0,0,0,0
13139001606,Town,0,0,0,0
13139001101,Metropolitan,1002,1002,1002,1002
13139001101,Rural,0,0,0,0
13139001101,Town,0,0,0,0
13139001605,Metropolitan,4196,4196,4196,4196
13139001605,Rural,0,0,0,0
13139001605,Town,0,0,0,0
13139001604,Metropolitan,3619,3619,3619,3619
13139001604,Rural,0,0,0,0
13139001604,Town,0,0,0,0
13139001502,Metropolitan,11360,11360,11360,11360
13139001502,Rural,0,0,0,0
13139001502,Town,0,0,0,0
13139001607,Metropolitan,3606,3606,3606,3606
13139001607,Rural,0,0,0,0
13139001607,Town,0,0,0,0
13139001302,Metropolitan,5358,5358,5358,5358
13139001302,Rural,0,0,0,0
13139001302,Town,0,0,0,0
13139001301,Metropolitan,7775,7775,7775,7775
13139001301,Rural,0,0,0,0
13139001301,Town,0,0,0,0
13139001403,Metropolitan,2744,2744,2744,2744
13139001403,Rural,0,0,0,0
13139001403,Town,0,0,0,0
13139001404,Metropolitan,4548,4548,4548,4548
13139001404,Rural,0,0,0,0
13139001404,Town,0,0,0,0
13121010212,Metropolitan,818,818,818,818
13121010212,Rural,0,0,0,0
13121010212,Town,0,0,0,0
13121009802,Metropolitan,2615,2615,2615,2615
13121009802,Rural,0,0,0,0
13121009802,Town,0,0,0,0
13121009403,Metropolitan,291,291,291,291
13121009403,Rural,0,0,0,0
13121009403,Town,0,0,0,0
13121009404,Metropolitan,514,514,514,514
13121009404,Rural,0,0,0,0
13121009404,Town,0,0,0,0
13121010001,Metropolitan,1009,1009,1009,1009
13121010001,Rural,0,0,0,0
13121010001,Town,0,0,0,0
13121009602,Metropolitan,588,588,588,588
13121009602,Rural,0,0,0,0
13121009602,Town,0,0,0,0
13121010002,Metropolitan,1567,1567,1567,1567
13121010002,Rural,0,0,0,0
13121010002,Town,0,0,0,0
13121009502,Metropolitan,462,462,462,462
13121009502,Rural,0,0,0,0
13121009502,Town,0,0,0,0
13121008000,Metropolitan,1461,1461,1461,1461
13121008000,Rural,0,0,0,0
13121008000,Town,0,0,0,0
13121003900,Metropolitan,206,206,206,206
13121003900,Rural,0,0,0,0
13121003900,Town,0,0,0,0
13121004100,Metropolitan,313,313,313,313
13121004100,Rural,0,0,0,0
13121004100,Town,0,0,0,0
13121002400,Metropolitan,334,334,334,334
13121002400,Rural,0,0,0,0
13121002400,Town,0,0,0,0
13121004000,Metropolitan,400,400,400,400
13121004000,Rural,0,0,0,0
13121004000,Town,0,0,0,0
13121008400,Metropolitan,439,439,439,439
13121008400,Rural,0,0,0,0
13121008400,Town,0,0,0,0
13121008302,Metropolitan,467,467,467,467
13121008302,Rural,0,0,0,0
13121008302,Town,0,0,0,0
13121008301,Metropolitan,649,649,649,649
13121008301,Rural,0,0,0,0
13121008301,Town,0,0,0,0
13121007200,Metropolitan,2216,2216,2216,2216
13121007200,Rural,0,0,0,0
13121007200,Town,0,0,0,0
13139001501,Metropolitan,6335,6335,6335,6335
13139001501,Rural,0,0,0,0
13139001501,Town,0,0,0,0
13139001102,Metropolitan,1386,1386,1386,1386
13139001102,Rural,0,0,0,0
13139001102,Town,0,0,0,0
13139001201,Metropolitan,9345,9345,9345,9345
13139001201,Rural,0,0,0,0
13139001201,Town,0,0,0,0
13139001004,Metropolitan,1875,1875,1875,1875
13139001004,Rural,0,0,0,0
13139001004,Town,0,0,0,0
13139001003,Metropolitan,1393,1393,1393,1393
13139001003,Rural,0,0,0,0
13139001003,Town,0,0,0,0
13139000305,Metropolitan,8729,8729,8729,8729
13139000305,Rural,0,0,0,0
13139000305,Town,0,0,0,0
13139000304,Metropolitan,8899,8899,8899,8899
13139000304,Rural,0,0,0,0
13139000304,Town,0,0,0,0
13139000303,Metropolitan,7021,7021,7021,7021
13139000303,Rural,0,0,0,0
13139000303,Town,0,0,0,0
13139000203,Metropolitan,15512,15512,15512,15512
13139000203,Rural,0,0,0,0
13139000203,Town,0,0,0,0
13139000204,Metropolitan,10834,10834,10834,10834
13139000204,Rural,0,0,0,0
13139000204,Town,0,0,0,0
13255160100,Metropolitan,16822,16822,16822,16822
13255160100,Rural,0,0,0,0
13255160100,Town,0,0,0,0
13255160200,Metropolitan,22362,22362,22362,22362
13255160200,Rural,0,0,0,0
13255160200,Town,0,0,0,0
13255161000,Metropolitan,20843,20843,20843,20843
13255161000,Rural,0,0,0,0
13255161000,Town,0,0,0,0
13255161200,Metropolitan,8889,8889,8889,8889
13255161200,Rural,0,0,0,0
13255161200,Town,0,0,0,0
13255161100,Metropolitan,2781,2781,2781,2781
13255161100,Rural,0,0,0,0
13255161100,Town,0,0,0,0
13255160900,Metropolitan,2634,2634,2634,2634
13255160900,Rural,0,0,0,0
13255160900,Town,0,0,0,0
13255160800,Metropolitan,1548,1548,1548,1548
13255160800,Rural,0,0,0,0
13255160800,Town,0,0,0,0
13255160700,Metropolitan,7786,7786,7786,7786
13255160700,Rural,0,0,0,0
13255160700,Town,0,0,0,0
13255160500,Metropolitan,8077,8077,8077,8077
13255160500,Rural,0,0,0,0
13255160500,Town,0,0,0,0
13255160400,Metropolitan,2867,2867,2867,2867
13255160400,Rural,0,0,0,0
13255160400,Town,0,0,0,0
13255160300,Metropolitan,4452,4452,4452,4452
13255160300,Rural,0,0,0,0
13255160300,Town,0,0,0,0
13255160600,Metropolitan,28652,28652,28652,28652
13255160600,Rural,0,0,0,0
13255160600,Town,0,0,0,0
13097080102,Metropolitan,7546,7546,7546,7546
13097080102,Rural,0,0,0,0
13097080102,Town,0,0,0,0
13097080602,Metropolitan,6007,6007,6007,6007
13097080602,Rural,0,0,0,0
13097080602,Town,0,0,0,0
13097080508,Metropolitan,1602,1602,1602,1602
13097080508,Rural,0,0,0,0
13097080508,Town,0,0,0,0
13097080510,Metropolitan,3708,3708,3708,3708
13097080510,Rural,0,0,0,0
13097080510,Town,0,0,0,0
13097080509,Metropolitan,2149,2149,2149,2149
13097080509,Rural,0,0,0,0
13097080509,Town,0,0,0,0
13077170602,Metropolitan,2489,2489,2489,2489
13077170602,Rural,0,0,0,0
13077170602,Town,0,0,0,0
13077170503,Metropolitan,17864,17864,17864,17864
13077170503,Rural,0,0,0,0
13077170503,Town,0,0,0,0
13077170501,Metropolitan,26144,26144,26144,26144
13077170501,Rural,0,0,0,0
13077170501,Town,0,0,0,0
13077170406,Metropolitan,3164,3164,3164,3164
13077170406,Rural,0,0,0,0
13077170406,Town,0,0,0,0
13077170305,Metropolitan,6767,6767,6767,6767
13077170305,Rural,0,0,0,0
13077170305,Town,0,0,0,0
13077170601,Metropolitan,6037,6037,6037,6037
13077170601,Rural,0,0,0,0
13077170601,Town,0,0,0,0
13077170603,Metropolitan,8020,8020,8020,8020
13077170603,Rural,0,0,0,0
13077170603,Town,0,0,0,0
13077170502,Metropolitan,19738,19738,19738,19738
13077170502,Rural,0,0,0,0
13077170502,Town,0,0,0,0
13077170405,Metropolitan,4876,4876,4876,4876
13077170405,Rural,0,0,0,0
13077170405,Town,0,0,0,0
13077170404,Metropolitan,4786,4786,4786,4786
13077170404,Rural,0,0,0,0
13077170404,Town,0,0,0,0
13077170403,Metropolitan,10485,10485,10485,10485
13077170403,Rural,0,0,0,0
13077170403,Town,0,0,0,0
13077170306,Metropolitan,4422,4422,4422,4422
13077170306,Rural,0,0,0,0
13077170306,Town,0,0,0,0
13097080603,Metropolitan,3527,3527,3527,3527
13097080603,Rural,0,0,0,0
13097080603,Town,0,0,0,0
13097080511,Metropolitan,10599,10599,10599,10599
13097080511,Rural,0,0,0,0
13097080511,Town,0,0,0,0
13097080304,Metropolitan,2544,2544,2544,2544
13097080304,Rural,0,0,0,0
13097080304,Town,0,0,0,0
13097080404,Metropolitan,14772,14772,14772,14772
13097080404,Rural,0,0,0,0
13097080404,Town,0,0,0,0
13097080303,Metropolitan,1281,1281,1281,1281
13097080303,Rural,0,0,0,0
13097080303,Town,0,0,0,0
13097080403,Metropolitan,10467,10467,10467,10467
13097080403,Rural,0,0,0,0
13097080403,Town,0,0,0,0
13097080103,Metropolitan,2490,2490,2490,2490
13097080103,Rural,0,0,0,0
13097080103,Town,0,0,0,0
13097080604,Metropolitan,6911,6911,6911,6911
13097080604,Rural,0,0,0,0
13097080604,Town,0,0,0,0
13077170304,Metropolitan,7387,7387,7387,7387
13077170304,Rural,0,0,0,0
13077170304,Town,0,0,0,0
13077170303,Metropolitan,14864,14864,14864,14864
13077170303,Rural,0,0,0,0
13077170303,Town,0,0,0,0
13077170802,Metropolitan,29405,29405,29405,29405
13077170802,Rural,0,0,0,0
13077170802,Town,0,0,0,0
13077170801,Metropolitan,34568,34568,34568,34568
13077170801,Rural,0,0,0,0
13077170801,Town,0,0,0,0
13077170700,Metropolitan,9294,9294,9294,9294
13077170700,Rural,0,0,0,0
13077170700,Town,0,0,0,0
13077170402,Metropolitan,10176,10176,10176,10176
13077170402,Rural,0,0,0,0
13077170402,Town,0,0,0,0
13077170200,Metropolitan,9593,9593,9593,9593
13077170200,Rural,0,0,0,0
13077170200,Town,0,0,0,0
13077170100,Metropolitan,55209,55209,55209,55209
13077170100,Rural,0,0,0,0
13077170100,Town,0,0,0,0
13097080201,Metropolitan,4702,4702,4702,4702
13097080201,Rural,0,0,0,0
13097080201,Town,0,0,0,0
13097080506,Metropolitan,4542,4542,4542,4542
13097080506,Rural,0,0,0,0
13097080506,Town,0,0,0,0
13097080505,Metropolitan,2449,2449,2449,2449
13097080505,Rural,0,0,0,0
13097080505,Town,0,0,0,0
13097080202,Metropolitan,3746,3746,3746,3746
13097080202,Rural,0,0,0,0
13097080202,Town,0,0,0,0
13097080507,Metropolitan,6276,6276,6276,6276
13097080507,Rural,0,0,0,0
13097080507,Town,0,0,0,0
13097080402,Metropolitan,27775,27775,27775,27775
13097080402,Rural,0,0,0,0
13097080402,Town,0,0,0,0
13097080301,Metropolitan,5547,5547,5547,5547
13097080301,Rural,0,0,0,0
13097080301,Town,0,0,0,0
13089980000,Metropolitan,182,182,182,182
13089980000,Rural,0,0,0,0
13089980000,Town,0,0,0,0
13089023428,Metropolitan,1933,1933,1933,1933
13089023428,Rural,0,0,0,0
13089023428,Town,0,0,0,0
13089023426,Metropolitan,1346,1346,1346,1346
13089023426,Rural,0,0,0,0
13089023426,Town,0,0,0,0
13089021502,Metropolitan,875,875,875,875
13089021502,Rural,0,0,0,0
13089021502,Town,0,0,0,0
13089022302,Metropolitan,884,884,884,884
13089022302,Rural,0,0,0,0
13089022302,Town,0,0,0,0
13089022007,Metropolitan,297,297,297,297
13089022007,Rural,0,0,0,0
13089022007,Town,0,0,0,0
13089021602,Metropolitan,788,788,788,788
13089021602,Rural,0,0,0,0
13089021602,Town,0,0,0,0
13089023803,Metropolitan,1222,1222,1222,1222
13089023803,Rural,0,0,0,0
13089023803,Town,0,0,0,0
13089022402,Metropolitan,791,791,791,791
13089022402,Rural,0,0,0,0
13089022402,Town,0,0,0,0
13089022700,Metropolitan,557,557,557,557
13089022700,Rural,0,0,0,0
13089022700,Town,0,0,0,0
13089022403,Metropolitan,1216,1216,1216,1216
13089022403,Rural,0,0,0,0
13089022403,Town,0,0,0,0
13089023425,Metropolitan,1270,1270,1270,1270
13089023425,Rural,0,0,0,0
13089023425,Town,0,0,0,0
13089022204,Metropolitan,1020,1020,1020,1020
13089022204,Rural,0,0,0,0
13089022204,Town,0,0,0,0
13089023423,Metropolitan,5736,5736,5736,5736
13089023423,Rural,0,0,0,0
13089023423,Town,0,0,0,0
13089023419,Metropolitan,3326,3326,3326,3326
13089023419,Rural,0,0,0,0
13089023419,Town,0,0,0,0
13089023312,Metropolitan,2185,2185,2185,2185
13089023312,Rural,0,0,0,0
13089023312,Town,0,0,0,0
13089023311,Metropolitan,1226,1226,1226,1226
13089023311,Rural,0,0,0,0
13089023311,Town,0,0,0,0
13089023213,Metropolitan,1248,1248,1248,1248
13089023213,Rural,0,0,0,0
13089023213,Town,0,0,0,0
13089022301,Metropolitan,1046,1046,1046,1046
13089022301,Rural,0,0,0,0
13089022301,Town,0,0,0,0
13089023602,Metropolitan,679,679,679,679
13089023602,Rural,0,0,0,0
13089023602,Town,0,0,0,0
13089023504,Metropolitan,542,542,542,542
13089023504,Rural,0,0,0,0
13089023504,Town,0,0,0,0
13089023411,Metropolitan,721,721,721,721
13089023411,Rural,0,0,0,0
13089023411,Town,0,0,0,0
13089023410,Metropolitan,801,801,801,801
13089023410,Rural,0,0,0,0
13089023410,Town,0,0,0,0
13089023501,Metropolitan,568,568,568,568
13089023501,Rural,0,0,0,0
13089023501,Town,0,0,0,0
13089023114,Metropolitan,593,593,593,593
13089023114,Rural,0,0,0,0
13089023114,Town,0,0,0,0
13089023112,Metropolitan,613,613,613,613
13089023112,Rural,0,0,0,0
13089023112,Town,0,0,0,0
13089021912,Metropolitan,2846,2846,2846,2846
13089021912,Rural,0,0,0,0
13089021912,Town,0,0,0,0
13089021910,Metropolitan,913,913,913,913
13089021910,Rural,0,0,0,0
13089021910,Town,0,0,0,0
13089021604,Metropolitan,860,860,860,860
13089021604,Rural,0,0,0,0
13089021604,Town,0,0,0,0
13089021504,Metropolitan,928,928,928,928
13089021504,Rural,0,0,0,0
13089021504,Town,0,0,0,0
13089021503,Metropolitan,479,479,479,479
13089021503,Rural,0,0,0,0
13089021503,Town,0,0,0,0
13089023107,Metropolitan,927,927,927,927
13089023107,Rural,0,0,0,0
13089023107,Town,0,0,0,0
13089023418,Metropolitan,12667,12667,12667,12667
13089023418,Rural,0,0,0,0
13089023418,Town,0,0,0,0
13089023101,Metropolitan,876,876,876,876
13089023101,Rural,0,0,0,0
13089023101,Town,0,0,0,0
13089022401,Metropolitan,663,663,663,663
13089022401,Rural,0,0,0,0
13089022401,Town,0,0,0,0
13089020900,Metropolitan,1101,1101,1101,1101
13089020900,Rural,0,0,0,0
13089020900,Town,0,0,0,0
13089020700,Metropolitan,313,313,313,313
13089020700,Rural,0,0,0,0
13089020700,Town,0,0,0,0
13089020600,Metropolitan,274,274,274,274
13089020600,Rural,0,0,0,0
13089020600,Town,0,0,0,0
13089020500,Metropolitan,417,417,417,417
13089020500,Rural,0,0,0,0
13089020500,Town,0,0,0,0
13089021410,Metropolitan,676,676,676,676
13089021410,Rural,0,0,0,0
13089021410,Town,0,0,0,0
13089021216,Metropolitan,897,897,897,897
13089021216,Rural,0,0,0,0
13089021216,Town,0,0,0,0
13089021911,Metropolitan,230,230,230,230
13089021911,Rural,0,0,0,0
13089021911,Town,0,0,0,0
13089020802,Metropolitan,691,691,691,691
13089020802,Rural,0,0,0,0
13089020802,Town,0,0,0,0
13089021416,Metropolitan,192,192,192,192
13089021416,Rural,0,0,0,0
13089021416,Town,0,0,0,0
13089021413,Metropolitan,239,239,239,239
13089021413,Rural,0,0,0,0
13089021413,Town,0,0,0,0
13089021411,Metropolitan,412,412,412,412
13089021411,Rural,0,0,0,0
13089021411,Town,0,0,0,0
13089020400,Metropolitan,250,250,250,250
13089020400,Rural,0,0,0,0
13089020400,Town,0,0,0,0
13089020300,Metropolitan,469,469,469,469
13089020300,Rural,0,0,0,0
13089020300,Town,0,0,0,0
13089020100,Metropolitan,277,277,277,277
13089020100,Rural,0,0,0,0
13089020100,Town,0,0,0,0
13089023802,Metropolitan,2381,2381,2381,2381
13089023802,Rural,0,0,0,0
13089023802,Town,0,0,0,0
13089023801,Metropolitan,1061,1061,1061,1061
13089023801,Rural,0,0,0,0
13089023801,Town,0,0,0,0
13089023700,Metropolitan,1169,1169,1169,1169
13089023700,Rural,0,0,0,0
13089023700,Town,0,0,0,0
13089023506,Metropolitan,1328,1328,1328,1328
13089023506,Rural,0,0,0,0
13089023506,Town,0,0,0,0
13089023505,Metropolitan,538,538,538,538
13089023505,Rural,0,0,0,0
13089023505,Town,0,0,0,0
13089023427,Metropolitan,1130,1130,1130,1130
13089023427,Rural,0,0,0,0
13089023427,Town,0,0,0,0
13089023424,Metropolitan,1748,1748,1748,1748
13089023424,Rural,0,0,0,0
13089023424,Town,0,0,0,0
13089023422,Metropolitan,2254,2254,2254,2254
13089023422,Rural,0,0,0,0
13089023422,Town,0,0,0,0
13089023421,Metropolitan,1547,1547,1547,1547
13089023421,Rural,0,0,0,0
13089023421,Town,0,0,0,0
13089023315,Metropolitan,5845,5845,5845,5845
13089023315,Rural,0,0,0,0
13089023315,Town,0,0,0,0
13089023314,Metropolitan,1295,1295,1295,1295
13089023314,Rural,0,0,0,0
13089023314,Town,0,0,0,0
13089023115,Metropolitan,167,167,167,167
13089023115,Rural,0,0,0,0
13089023115,Town,0,0,0,0
13089023413,Metropolitan,1004,1004,1004,1004
13089023413,Rural,0,0,0,0
13089023413,Town,0,0,0,0
13089023414,Metropolitan,1712,1712,1712,1712
13089023414,Rural,0,0,0,0
13089023414,Town,0,0,0,0
13089023206,Metropolitan,1795,1795,1795,1795
13089023206,Rural,0,0,0,0
13089023206,Town,0,0,0,0
13089021907,Metropolitan,5776,5776,5776,5776
13089021907,Rural,0,0,0,0
13089021907,Town,0,0,0,0
13089023204,Metropolitan,1671,1671,1671,1671
13089023204,Rural,0,0,0,0
13089023204,Town,0,0,0,0
13089023113,Metropolitan,503,503,503,503
13089023113,Rural,0,0,0,0
13089023113,Town,0,0,0,0
13089022010,Metropolitan,312,312,312,312
13089022010,Rural,0,0,0,0
13089022010,Town,0,0,0,0
13089023111,Metropolitan,580,580,580,580
13089023111,Rural,0,0,0,0
13089023111,Town,0,0,0,0
13089021814,Metropolitan,630,630,630,630
13089021814,Rural,0,0,0,0
13089021814,Town,0,0,0,0
13089021409,Metropolitan,257,257,257,257
13089021409,Rural,0,0,0,0
13089021409,Town,0,0,0,0
13089021218,Metropolitan,699,699,699,699
13089021218,Rural,0,0,0,0
13089021218,Town,0,0,0,0
13089023507,Metropolitan,885,885,885,885
13089023507,Rural,0,0,0,0
13089023507,Town,0,0,0,0
13089023412,Metropolitan,1822,1822,1822,1822
13089023412,Rural,0,0,0,0
13089023412,Town,0,0,0,0
13089023416,Metropolitan,2365,2365,2365,2365
13089023416,Rural,0,0,0,0
13089023416,Town,0,0,0,0
13089023102,Metropolitan,621,621,621,621
13089023102,Rural,0,0,0,0
13089023102,Town,0,0,0,0
13089023000,Metropolitan,441,441,441,441
13089023000,Rural,0,0,0,0
13089023000,Town,0,0,0,0
13089021906,Metropolitan,770,770,770,770
13089021906,Rural,0,0,0,0
13089021906,Town,0,0,0,0
13089021217,Metropolitan,414,414,414,414
13089021217,Rural,0,0,0,0
13089021217,Town,0,0,0,0
13089021215,Metropolitan,803,803,803,803
13089021215,Rural,0,0,0,0
13089021215,Town,0,0,0,0
13089021414,Metropolitan,272,272,272,272
13089021414,Rural,0,0,0,0
13089021414,Town,0,0,0,0
13089021101,Metropolitan,811,811,811,811
13089021101,Rural,0,0,0,0
13089021101,Town,0,0,0,0
13089023316,Metropolitan,1480,1480,1480,1480
13089023316,Rural,0,0,0,0
13089023316,Town,0,0,0,0
13089023313,Metropolitan,1216,1216,1216,1216
13089023313,Rural,0,0,0,0
13089023313,Town,0,0,0,0
13089022900,Metropolitan,940,940,940,940
13089022900,Rural,0,0,0,0
13089022900,Town,0,0,0,0
13089022800,Metropolitan,624,624,624,624
13089022800,Rural,0,0,0,0
13089022800,Town,0,0,0,0
13089022600,Metropolitan,770,770,770,770
13089022600,Rural,0,0,0,0
13089022600,Town,0,0,0,0
13089022500,Metropolitan,696,696,696,696
13089022500,Rural,0,0,0,0
13089022500,Town,0,0,0,0
13089022100,Metropolitan,844,844,844,844
13089022100,Rural,0,0,0,0
13089022100,Town,0,0,0,0
13089022005,Metropolitan,814,814,814,814
13089022005,Rural,0,0,0,0
13089022005,Town,0,0,0,0
13089023214,Metropolitan,1636,1636,1636,1636
13089023214,Rural,0,0,0,0
13089023214,Town,0,0,0,0
13089022203,Metropolitan,710,710,710,710
13089022203,Rural,0,0,0,0
13089022203,Town,0,0,0,0
13089022009,Metropolitan,434,434,434,434
13089022009,Rural,0,0,0,0
13089022009,Town,0,0,0,0
13089021913,Metropolitan,739,739,739,739
13089021913,Rural,0,0,0,0
13089021913,Town,0,0,0,0
13089021813,Metropolitan,151,151,151,151
13089021813,Rural,0,0,0,0
13089021813,Town,0,0,0,0
13089021605,Metropolitan,915,915,915,915
13089021605,Rural,0,0,0,0
13089021605,Town,0,0,0,0
13089021308,Metropolitan,668,668,668,668
13089021308,Rural,0,0,0,0
13089021308,Town,0,0,0,0
13089022004,Metropolitan,914,914,914,914
13089022004,Rural,0,0,0,0
13089022004,Town,0,0,0,0
13089022008,Metropolitan,561,561,561,561
13089022008,Rural,0,0,0,0
13089022008,Town,0,0,0,0
13089021909,Metropolitan,855,855,855,855
13089021909,Rural,0,0,0,0
13089021909,Town,0,0,0,0
13089022001,Metropolitan,1092,1092,1092,1092
13089022001,Rural,0,0,0,0
13089022001,Town,0,0,0,0
13089023108,Metropolitan,916,916,916,916
13089023108,Rural,0,0,0,0
13089023108,Town,0,0,0,0
13089020200,Metropolitan,369,369,369,369
13089020200,Rural,0,0,0,0
13089020200,Town,0,0,0,0
13089021306,Metropolitan,1306,1306,1306,1306
13089021306,Rural,0,0,0,0
13089021306,Town,0,0,0,0
13089021305,Metropolitan,613,613,613,613
13089021305,Rural,0,0,0,0
13089021305,Town,0,0,0,0
13089021417,Metropolitan,476,476,476,476
13089021417,Rural,0,0,0,0
13089021417,Town,0,0,0,0
13089021415,Metropolitan,505,505,505,505
13089021415,Rural,0,0,0,0
13089021415,Town,0,0,0,0
13089021102,Metropolitan,890,890,890,890
13089021102,Rural,0,0,0,0
13089021102,Town,0,0,0,0
13089021307,Metropolitan,894,894,894,894
13089021307,Rural,0,0,0,0
13089021307,Town,0,0,0,0
13089023601,Metropolitan,444,444,444,444
13089023601,Rural,0,0,0,0
13089023601,Town,0,0,0,0
13089021412,Metropolitan,775,775,775,775
13089021412,Rural,0,0,0,0
13089021412,Town,0,0,0,0
13089023208,Metropolitan,1166,1166,1166,1166
13089023208,Rural,0,0,0,0
13089023208,Town,0,0,0,0
13089023310,Metropolitan,1896,1896,1896,1896
13089023310,Rural,0,0,0,0
13089023310,Town,0,0,0,0
13089020801,Metropolitan,343,343,343,343
13089020801,Rural,0,0,0,0
13089020801,Town,0,0,0,0
13089021812,Metropolitan,503,503,503,503
13089021812,Rural,0,0,0,0
13089021812,Town,0,0,0,0
13089021214,Metropolitan,1393,1393,1393,1393
13089021214,Rural,0,0,0,0
13089021214,Town,0,0,0,0
13089021810,Metropolitan,1631,1631,1631,1631
13089021810,Rural,0,0,0,0
13089021810,Town,0,0,0,0
13089021809,Metropolitan,2154,2154,2154,2154
13089021809,Rural,0,0,0,0
13089021809,Town,0,0,0,0
13089021808,Metropolitan,751,751,751,751
13089021808,Rural,0,0,0,0
13089021808,Town,0,0,0,0
13089021806,Metropolitan,2760,2760,2760,2760
13089021806,Rural,0,0,0,0
13089021806,Town,0,0,0,0
13089021805,Metropolitan,1566,1566,1566,1566
13089021805,Rural,0,0,0,0
13089021805,Town,0,0,0,0
13089021704,Metropolitan,1769,1769,1769,1769
13089021704,Rural,0,0,0,0
13089021704,Town,0,0,0,0
13089021703,Metropolitan,1301,1301,1301,1301
13089021703,Rural,0,0,0,0
13089021703,Town,0,0,0,0
13089021705,Metropolitan,1261,1261,1261,1261
13089021705,Rural,0,0,0,0
13089021705,Town,0,0,0,0
13089021908,Metropolitan,854,854,854,854
13089021908,Rural,0,0,0,0
13089021908,Town,0,0,0,0
13089023309,Metropolitan,1282,1282,1282,1282
13089023309,Rural,0,0,0,0
13089023309,Town,0,0,0,0
13089023211,Metropolitan,616,616,616,616
13089023211,Rural,0,0,0,0
13089023211,Town,0,0,0,0
13089023212,Metropolitan,877,877,877,877
13089023212,Rural,0,0,0,0
13089023212,Town,0,0,0,0
13089023306,Metropolitan,3052,3052,3052,3052
13089023306,Rural,0,0,0,0
13089023306,Town,0,0,0,0
13089023303,Metropolitan,4889,4889,4889,4889
13089023303,Rural,0,0,0,0
13089023303,Town,0,0,0,0
13089021706,Metropolitan,1283,1283,1283,1283
13089021706,Rural,0,0,0,0
13089021706,Town,0,0,0,0
13089021211,Metropolitan,1243,1243,1243,1243
13089021211,Rural,0,0,0,0
13089021211,Town,0,0,0,0
13089021210,Metropolitan,1572,1572,1572,1572
13089021210,Rural,0,0,0,0
13089021210,Town,0,0,0,0
13089021213,Metropolitan,744,744,744,744
13089021213,Rural,0,0,0,0
13089021213,Town,0,0,0,0
13089021303,Metropolitan,1083,1083,1083,1083
13089021303,Rural,0,0,0,0
13089021303,Town,0,0,0,0
13089021301,Metropolitan,897,897,897,897
13089021301,Rural,0,0,0,0
13089021301,Town,0,0,0,0
13089021209,Metropolitan,1198,1198,1198,1198
13089021209,Rural,0,0,0,0
13089021209,Town,0,0,0,0
13089021405,Metropolitan,593,593,593,593
13089021405,Rural,0,0,0,0
13089021405,Town,0,0,0,0
13089021208,Metropolitan,882,882,882,882
13089021208,Rural,0,0,0,0
13089021208,Town,0,0,0,0
13089021204,Metropolitan,1149,1149,1149,1149
13089021204,Rural,0,0,0,0
13089021204,Town,0,0,0,0
13089021202,Metropolitan,1823,1823,1823,1823
13089021202,Rural,0,0,0,0
13089021202,Town,0,0,0,0
13089023210,Metropolitan,1034,1034,1034,1034
13089023210,Rural,0,0,0,0
13089023210,Town,0,0,0,0
13089023209,Metropolitan,1138,1138,1138,1138
13089023209,Rural,0,0,0,0
13089023209,Town,0,0,0,0
13089023603,Metropolitan,728,728,728,728
13089023603,Rural,0,0,0,0
13089023603,Town,0,0,0,0
13089021603,Metropolitan,950,950,950,950
13089021603,Rural,0,0,0,0
13089021603,Town,0,0,0,0
13057090905,Metropolitan,1024,1024,1024,1024
13057090905,Rural,0,0,0,0
13057090905,Town,0,0,0,0
13057090904,Metropolitan,3109,3109,3109,3109
13057090904,Rural,0,0,0,0
13057090904,Town,0,0,0,0
13057091007,Metropolitan,2396,2396,2396,2396
13057091007,Rural,0,0,0,0
13057091007,Town,0,0,0,0
13057090803,Metropolitan,5993,5993,5993,5993
13057090803,Rural,0,0,0,0
13057090803,Town,0,0,0,0
13057090804,Metropolitan,6699,6699,6699,6699
13057090804,Rural,0,0,0,0
13057090804,Town,0,0,0,0
13057091008,Metropolitan,2439,2439,2439,2439
13057091008,Rural,0,0,0,0
13057091008,Town,0,0,0,0
13057090802,Metropolitan,11115,11115,11115,11115
13057090802,Rural,0,0,0,0
13057090802,Town,0,0,0,0
13057090501,Metropolitan,23987,23987,23987,23987
13057090501,Rural,0,0,0,0
13057090501,Town,0,0,0,0
13057090902,Metropolitan,4696,4696,4696,4696
13057090902,Rural,0,0,0,0
13057090902,Town,0,0,0,0
13057091001,Metropolitan,2249,2249,2249,2249
13057091001,Rural,0,0,0,0
13057091001,Town,0,0,0,0
13057091003,Metropolitan,2502,2502,2502,2502
13057091003,Rural,0,0,0,0
13057091003,Town,0,0,0,0
13057091102,Metropolitan,2741,2741,2741,2741
13057091102,Rural,0,0,0,0
13057091102,Town,0,0,0,0
13057091101,Metropolitan,4547,4547,4547,4547
13057091101,Rural,0,0,0,0
13057091101,Town,0,0,0,0
13057091103,Metropolitan,6930,6930,6930,6930
13057091103,Rural,0,0,0,0
13057091103,Town,0,0,0,0
13057090701,Metropolitan,9984,9984,9984,9984
13057090701,Rural,0,0,0,0
13057090701,Town,0,0,0,0
13297110601,Metropolitan,9105,9105,9105,9105
13297110601,Rural,0,0,0,0
13297110601,Town,0,0,0,0
13297110507,Metropolitan,7227,7227,7227,7227
13297110507,Rural,0,0,0,0
13297110507,Town,0,0,0,0
13297110506,Metropolitan,8502,8502,8502,8502
13297110506,Rural,0,0,0,0
13297110506,Town,0,0,0,0
13297110603,Metropolitan,7486,7486,7486,7486
13297110603,Rural,0,0,0,0
13297110603,Town,0,0,0,0
13297110602,Metropolitan,22399,22399,22399,22399
13297110602,Rural,0,0,0,0
13297110602,Town,0,0,0,0
13297110504,Metropolitan,3371,3371,3371,3371
13297110504,Rural,0,0,0,0
13297110504,Town,0,0,0,0
13297110508,Metropolitan,5490,5490,5490,5490
13297110508,Rural,0,0,0,0
13297110508,Town,0,0,0,0
13297110503,Metropolitan,4831,4831,4831,4831
13297110503,Rural,0,0,0,0
13297110503,Town,0,0,0,0
13297110505,Metropolitan,5770,5770,5770,5770
13297110505,Rural,0,0,0,0
13297110505,Town,0,0,0,0
13297110800,Metropolitan,32019,32019,32019,32019
13297110800,Rural,0,0,0,0
13297110800,Town,0,0,0,0
13297110700,Metropolitan,16121,16121,16121,16121
13297110700,Rural,0,0,0,0
13297110700,Town,0,0,0,0
13297110400,Metropolitan,8548,8548,8548,8548
13297110400,Rural,0,0,0,0
13297110400,Town,0,0,0,0
13297110300,Metropolitan,8680,8680,8680,8680
13297110300,Rural,0,0,0,0
13297110300,Town,0,0,0,0
13297110200,Metropolitan,40698,40698,40698,40698
13297110200,Rural,0,0,0,0
13297110200,Town,0,0,0,0
13297110100,Metropolitan,30917,30917,30917,30917
13297110100,Rural,0,0,0,0
13297110100,Town,0,0,0,0
13057091005,Metropolitan,1838,1838,1838,1838
13057091005,Rural,0,0,0,0
13057091005,Town,0,0,0,0
13057091006,Metropolitan,1189,1189,1189,1189
13057091006,Rural,0,0,0,0
13057091006,Town,0,0,0,0
13057090400,Metropolitan,11468,11468,11468,11468
13057090400,Rural,0,0,0,0
13057090400,Town,0,0,0,0
13057090601,Metropolitan,5438,5438,5438,5438
13057090601,Rural,0,0,0,0
13057090601,Town,0,0,0,0
13057090901,Metropolitan,5579,5579,5579,5579
13057090901,Rural,0,0,0,0
13057090901,Town,0,0,0,0
13057090602,Metropolitan,9034,9034,9034,9034
13057090602,Rural,0,0,0,0
13057090602,Town,0,0,0,0
13057090200,Metropolitan,54879,54879,54879,54879
13057090200,Rural,0,0,0,0
13057090200,Town,0,0,0,0
13057090702,Metropolitan,3939,3939,3939,3939
13057090702,Rural,0,0,0,0
13057090702,Town,0,0,0,0
13057090502,Metropolitan,20102,20102,20102,20102
13057090502,Rural,0,0,0,0
13057090502,Town,0,0,0,0
13057090100,Metropolitan,44389,44389,44389,44389
13057090100,Rural,0,0,0,0
13057090100,Town,0,0,0,0
13057090300,Metropolitan,29704,29704,29704,29704
13057090300,Rural,0,0,0,0
13057090300,Town,0,0,0,0
13013180206,Metropolitan,1738,1738,1738,1738
13013180206,Rural,0,0,0,0
13013180206,Town,0,0,0,0
13013180205,Metropolitan,2724,2724,2724,2724
13013180205,Rural,0,0,0,0
13013180205,Town,0,0,0,0
13013180402,Metropolitan,10216,10216,10216,10216
13013180402,Rural,0,0,0,0
13013180402,Town,0,0,0,0
13013180303,Metropolitan,7103,7103,7103,7103
13013180303,Rural,0,0,0,0
13013180303,Town,0,0,0,0
13013180106,Metropolitan,3075,3075,3075,3075
13013180106,Rural,0,0,0,0
13013180106,Town,0,0,0,0
13013180103,Metropolitan,7598,7598,7598,7598
13013180103,Rural,0,0,0,0
13013180103,Town,0,0,0,0
13013180401,Metropolitan,13929,13929,13929,13929
13013180401,Rural,0,0,0,0
13013180401,Town,0,0,0,0
13013180203,Metropolitan,1400,1400,1400,1400
13013180203,Rural,0,0,0,0
13013180203,Town,0,0,0,0
13013180503,Metropolitan,5728,5728,5728,5728
13013180503,Rural,0,0,0,0
13013180503,Town,0,0,0,0
13013180502,Metropolitan,11350,11350,11350,11350
13013180502,Rural,0,0,0,0
13013180502,Town,0,0,0,0
13013180204,Metropolitan,3980,3980,3980,3980
13013180204,Rural,0,0,0,0
13013180204,Town,0,0,0,0
13013180501,Metropolitan,6643,6643,6643,6643
13013180501,Rural,0,0,0,0
13013180501,Town,0,0,0,0
13013180301,Metropolitan,5345,5345,5345,5345
13013180301,Rural,0,0,0,0
13013180301,Town,0,0,0,0
13013180302,Metropolitan,7507,7507,7507,7507
13013180302,Rural,0,0,0,0
13013180302,Town,0,0,0,0
13013180105,Metropolitan,4052,4052,4052,4052
13013180105,Rural,0,0,0,0
13013180105,Town,0,0,0,0
13013180104,Metropolitan,2016,2016,2016,2016
13013180104,Rural,0,0,0,0
13013180104,Town,0,0,0,0
13013180107,Metropolitan,4772,4772,4772,4772
13013180107,Rural,0,0,0,0
13013180107,Town,0,0,0,0
13013180108,Metropolitan,5092,5092,5092,5092
13013180108,Rural,0,0,0,0
13013180108,Town,0,0,0,0
13223120104,Metropolitan,29089,29089,29089,29089
13223120104,Rural,0,0,0,0
13223120104,Town,0,0,0,0
13223120604,Metropolitan,4283,4283,4283,4283
13223120604,Rural,0,0,0,0
13223120604,Town,0,0,0,0
13223120601,Metropolitan,3069,3069,3069,3069
13223120601,Rural,0,0,0,0
13223120601,Town,0,0,0,0
13223120603,Metropolitan,3880,3880,3880,3880
13223120603,Rural,0,0,0,0
13223120603,Town,0,0,0,0
13223120501,Metropolitan,5634,5634,5634,5634
13223120501,Rural,0,0,0,0
13223120501,Town,0,0,0,0
13223120203,Metropolitan,2903,2903,2903,2903
13223120203,Rural,0,0,0,0
13223120203,Town,0,0,0,0
13223120101,Metropolitan,10335,10335,10335,10335
13223120101,Rural,0,0,0,0
13223120101,Town,0,0,0,0
13223120502,Metropolitan,6250,6250,6250,6250
13223120502,Rural,0,0,0,0
13223120502,Town,0,0,0,0
13223120503,Metropolitan,5097,5097,5097,5097
13223120503,Rural,0,0,0,0
13223120503,Town,0,0,0,0
13223120605,Metropolitan,7440,7440,7440,7440
13223120605,Rural,0,0,0,0
13223120605,Town,0,0,0,0
13223120602,Metropolitan,5747,5747,5747,5747
13223120602,Rural,0,0,0,0
13223120602,Town,0,0,0,0
13223120204,Metropolitan,3745,3745,3745,3745
13223120204,Rural,0,0,0,0
13223120204,Town,0,0,0,0
13223120301,Metropolitan,5150,5150,5150,5150
13223120301,Rural,0,0,0,0
13223120301,Town,0,0,0,0
13223120303,Metropolitan,3691,3691,3691,3691
13223120303,Rural,0,0,0,0
13223120303,Town,0,0,0,0
13223120102,Metropolitan,8383,8383,8383,8383
13223120102,Rural,0,0,0,0
13223120102,Town,0,0,0,0
13223120103,Metropolitan,16597,16597,16597,16597
13223120103,Rural,0,0,0,0
13223120103,Town,0,0,0,0
13223120302,Metropolitan,13971,13971,13971,13971
13223120302,Rural,0,0,0,0
13223120302,Town,0,0,0,0
13223120202,Metropolitan,4495,4495,4495,4495
13223120202,Rural,0,0,0,0
13223120202,Town,0,0,0,0
13223120400,Metropolitan,61401,61401,61401,61401
13223120400,Rural,0,0,0,0
13223120400,Town,0,0,0,0
