GEOID10,Type,A24,A5P,MH,SFA,SFD,GQ
13013180103,Metropolitan,0,225,0,0,0,0
13013180104,Metropolitan,0,0,0,0,0,0
13013180105,Metropolitan,0,105,0,0,0,0
13013180106,Metropolitan,0,0,0,0,0,0
13013180107,Metropolitan,0,0,0,0,0,0
13013180108,Metropolitan,0,141,0,0,0,0
13013180203,Metropolitan,0,1152,0,52,0,0
13013180204,Metropolitan,0,0,0,0,0,0
13013180205,Metropolitan,0,526,0,0,0,0
13013180206,Metropolitan,0,300,0,66,0,0
13013180301,Metropolitan,0,253,0,0,0,0
13013180302,Metropolitan,0,0,0,0,0,0
13013180303,Metropolitan,0,0,0,0,0,0
13013180401,Metropolitan,0,79,0,0,0,0
13013180402,Metropolitan,0,156,0,0,0,0
13013180501,Metropolitan,0,0,0,0,0,0
13013180502,Metropolitan,0,356,0,596,1441,0
13013180503,Metropolitan,0,2066,0,0,4102,0
13015960101,Metropolitan,0,396,0,0,413,0
13015960102,Metropolitan,0,2056,0,104,2440,0
13015960200,Metropolitan,0,9017,0,639,4483,0
13015960300,Metropolitan,0,4576,0,310,1151,0
13015960401,Metropolitan,0,921,0,0,0,0
13015960402,Metropolitan,0,1586,0,0,363,0
13015960500,Metropolitan,0,438,0,0,151,0
13015960600,Metropolitan,0,995,0,552,1067,0
13015960700,Metropolitan,0,808,0,796,490,0
13015960801,Metropolitan,0,736,0,0,225,0
13015960802,Metropolitan,0,0,0,0,0,0
13015960803,Metropolitan,0,1025,0,0,1534,0
13015960901,Metropolitan,0,339,0,0,0,0
13015960902,Metropolitan,0,565,0,0,177,0
13015961000,Metropolitan,0,772,156,0,232,0
13045910101,Metropolitan,0,809,0,0,3508,0
13045910103,Metropolitan,0,674,0,0,2096,0
13045910104,Metropolitan,0,993,0,285,2586,0
13045910200,Metropolitan,0,3187,0,0,4787,0
13045910300,Metropolitan,0,257,0,268,3677,0
13045910400,Metropolitan,0,3254,0,0,1497,0
13045910501,Metropolitan,0,968,0,0,995,0
13045910502,Metropolitan,0,563,0,0,1125,0
13045910600,Metropolitan,0,0,0,115,1473,0
13045910701,Metropolitan,0,3115,0,412,2011,0
13045910702,Metropolitan,0,962,0,0,489,0
13045910703,Metropolitan,0,2164,0,0,2160,0
13045910800,Metropolitan,0,82,0,167,1138,0
13045910900,Metropolitan,0,2924,0,0,3388,0
13045911000,Metropolitan,0,1228,0,0,1320,0
13045911100,Metropolitan,0,3294,0,295,4424,0
13045911200,Metropolitan,0,173,0,202,3683,0
13057090100,Metropolitan,0,1154,0,424,3313,0
13057090200,Metropolitan,0,3221,0,0,3771,0
13057090300,Metropolitan,0,7334,130,1050,7240,0
13057090400,Metropolitan,0,2268,0,0,1471,0
13057090501,Metropolitan,0,6902,0,56,3860,0
13057090502,Metropolitan,0,2701,0,79,3428,0
13057090601,Metropolitan,0,713,0,106,1768,0
13057090602,Metropolitan,0,638,0,0,2421,0
13057090701,Metropolitan,0,1703,0,1216,5388,0
13057090702,Metropolitan,0,2705,0,171,2047,0
13057090802,Metropolitan,0,115,0,0,1400,0
13057090803,Metropolitan,0,0,0,0,831,0
13057090804,Metropolitan,0,0,0,0,472,0
13057090901,Metropolitan,0,1111,0,238,1873,0
13057090902,Metropolitan,0,466,0,676,1889,0
13057090904,Metropolitan,0,1092,0,605,841,0
13057090905,Metropolitan,0,0,0,0,524,0
13057091001,Metropolitan,0,1872,0,125,1039,0
13057091003,Metropolitan,0,1375,0,508,136,0
13057091005,Metropolitan,0,2177,0,88,337,0
13057091006,Metropolitan,0,0,0,0,98,0
13057091007,Metropolitan,0,0,0,0,2267,0
13057091008,Metropolitan,0,0,0,0,1804,0
13057091101,Metropolitan,0,0,0,354,727,0
13057091102,Metropolitan,0,279,0,0,1305,0
13057091103,Metropolitan,0,504,0,0,1113,0
13063040202,Metropolitan,0,0,0,0,1134,0
13063040203,Metropolitan,0,0,0,0,1502,0
13063040204,Metropolitan,0,0,0,0,0,0
13063040302,Metropolitan,0,0,0,0,0,0
13063040303,Metropolitan,0,339,0,186,1101,0
13063040306,Metropolitan,0,80,0,0,192,0
13063040307,Metropolitan,0,619,0,0,192,0
13063040308,Metropolitan,0,733,0,0,1404,0
13063040407,Metropolitan,0,0,0,0,475,0
13063040408,Metropolitan,0,0,0,391,3697,0
13063040409,Metropolitan,0,0,0,0,2563,0
13063040410,Metropolitan,0,546,0,703,1266,0
13063040411,Metropolitan,0,615,0,454,457,0
13063040412,Metropolitan,0,0,0,0,2102,0
13063040413,Metropolitan,0,0,0,0,449,0
13063040414,Metropolitan,0,533,0,0,472,0
13063040415,Metropolitan,0,0,0,0,1544,0
13063040416,Metropolitan,0,0,0,363,2133,0
13063040417,Metropolitan,0,0,0,0,978,0
13063040509,Metropolitan,0,0,0,0,121,0
13063040510,Metropolitan,0,354,0,0,1137,0
13063040512,Metropolitan,0,0,0,180,1195,0
13063040513,Metropolitan,0,0,0,0,2721,0
13063040514,Metropolitan,0,0,0,0,986,0
13063040515,Metropolitan,0,438,0,0,1066,0
13063040516,Metropolitan,0,323,0,0,2196,0
13063040518,Metropolitan,0,0,0,88,964,0
13063040519,Metropolitan,0,0,0,0,0,0
13063040520,Metropolitan,0,0,0,333,1781,0
13063040521,Metropolitan,0,0,0,0,0,0
13063040522,Metropolitan,0,0,0,0,1066,0
13063040523,Metropolitan,0,0,0,0,0,0
13063040524,Metropolitan,0,369,0,297,2075,0
13063040525,Metropolitan,0,0,0,0,0,0
13063040526,Metropolitan,0,683,0,228,535,0
13063040606,Metropolitan,0,138,0,0,1317,0
13063040608,Metropolitan,0,0,0,0,1959,0
13063040609,Metropolitan,0,0,0,0,0,0
13063040611,Metropolitan,0,0,0,0,1068,0
13063040612,Metropolitan,0,229,0,0,2041,0
13063040613,Metropolitan,0,0,0,0,804,0
13063040614,Metropolitan,0,0,0,0,0,0
13063040615,Metropolitan,0,0,0,0,0,0
13063040616,Metropolitan,0,0,0,0,1418,0
13063040617,Metropolitan,0,0,0,0,0,0
13063040619,Metropolitan,0,0,0,0,0,0
13063040620,Metropolitan,0,0,0,0,427,0
13063040621,Metropolitan,0,0,0,0,518,0
13063040622,Metropolitan,0,0,0,0,0,0
13063980000,Metropolitan,0,0,0,0,674,0
13067030101,Metropolitan,0,0,0,114,1290,0
13067030103,Metropolitan,0,0,0,97,8873,0
13067030104,Metropolitan,0,98,0,0,121,0
13067030106,Metropolitan,0,0,0,0,467,0
13067030107,Metropolitan,0,0,0,0,0,0
13067030209,Metropolitan,0,275,0,0,1682,0
13067030214,Metropolitan,0,0,0,0,1517,0
13067030215,Metropolitan,0,503,0,0,0,0
13067030218,Metropolitan,0,69,0,0,1164,0
13067030219,Metropolitan,0,0,0,0,1603,0
13067030220,Metropolitan,0,0,0,365,1689,0
13067030222,Metropolitan,0,0,0,0,1340,0
13067030223,Metropolitan,0,198,0,0,856,0
13067030224,Metropolitan,0,0,0,0,0,0
13067030226,Metropolitan,0,1003,0,0,0,0
13067030227,Metropolitan,0,772,0,0,1132,0
13067030228,Metropolitan,0,138,0,0,3304,0
13067030229,Metropolitan,0,888,0,248,3508,0
13067030230,Metropolitan,0,657,0,0,2258,0
13067030231,Metropolitan,0,171,0,238,7137,0
13067030232,Metropolitan,0,0,0,0,1137,0
13067030233,Metropolitan,0,0,0,173,1379,0
13067030234,Metropolitan,0,0,0,0,2625,0
13067030235,Metropolitan,0,0,0,228,1931,0
13067030236,Metropolitan,0,0,0,0,955,0
13067030238,Metropolitan,0,0,0,0,950,0
13067030239,Metropolitan,0,249,0,457,2897,0
13067030310,Metropolitan,0,0,0,375,732,0
13067030311,Metropolitan,0,0,0,0,0,0
13067030312,Metropolitan,0,746,0,0,978,0
13067030313,Metropolitan,0,0,0,0,2203,0
13067030314,Metropolitan,0,386,0,0,1034,0
13067030318,Metropolitan,0,0,0,0,1725,0
13067030319,Metropolitan,0,0,0,0,0,0
13067030320,Metropolitan,0,0,0,0,271,0
13067030322,Metropolitan,0,0,0,0,122,0
13067030324,Metropolitan,0,0,0,0,0,0
13067030326,Metropolitan,0,0,0,0,0,0
13067030327,Metropolitan,0,0,0,0,0,0
13067030328,Metropolitan,0,0,0,176,653,0
13067030329,Metropolitan,0,0,0,0,176,0
13067030330,Metropolitan,0,1872,0,0,2033,0
13067030331,Metropolitan,0,0,0,191,0,0
13067030332,Metropolitan,0,0,0,0,0,0
13067030333,Metropolitan,0,0,0,0,637,0
13067030334,Metropolitan,0,0,0,0,299,0
13067030335,Metropolitan,0,0,0,0,891,0
13067030336,Metropolitan,0,0,0,351,226,0
13067030337,Metropolitan,0,0,0,0,120,0
13067030339,Metropolitan,0,0,0,0,884,0
13067030340,Metropolitan,0,0,0,0,311,0
13067030341,Metropolitan,0,0,0,0,0,0
13067030342,Metropolitan,0,0,0,0,0,0
13067030343,Metropolitan,0,0,0,0,269,0
13067030344,Metropolitan,0,0,0,0,62,0
13067030345,Metropolitan,0,0,0,0,117,0
13067030405,Metropolitan,0,0,0,0,329,0
13067030407,Metropolitan,0,0,0,0,0,0
13067030408,Metropolitan,0,0,0,125,0,0
13067030409,Metropolitan,0,0,0,0,0,0
13067030410,Metropolitan,0,0,0,0,294,0
13067030411,Metropolitan,0,0,0,354,1369,0
13067030412,Metropolitan,0,0,0,0,1622,0
13067030413,Metropolitan,0,503,0,0,982,0
13067030414,Metropolitan,0,525,0,156,617,0
13067030502,Metropolitan,0,576,0,0,1520,0
13067030504,Metropolitan,0,137,0,130,2490,0
13067030505,Metropolitan,0,0,0,354,921,0
13067030506,Metropolitan,0,709,0,0,217,0
13067030507,Metropolitan,0,0,0,0,0,0
13067030601,Metropolitan,0,1830,0,339,1355,0
13067030602,Metropolitan,0,0,0,0,0,0
13067030700,Metropolitan,0,0,0,0,934,0
13067030800,Metropolitan,0,1493,175,207,3204,0
13067030901,Metropolitan,0,114,0,0,61,0
13067030902,Metropolitan,0,0,0,0,325,0
13067030904,Metropolitan,0,0,0,0,0,0
13067030905,Metropolitan,0,0,0,107,1536,0
13067031001,Metropolitan,0,0,0,0,825,0
13067031002,Metropolitan,0,0,0,0,641,0
13067031004,Metropolitan,0,1923,0,312,1947,0
13067031005,Metropolitan,0,238,0,0,576,0
13067031101,Metropolitan,0,443,0,0,378,0
13067031106,Metropolitan,0,558,0,488,7259,0
13067031108,Metropolitan,0,0,0,0,0,0
13067031110,Metropolitan,0,518,0,0,1258,0
13067031111,Metropolitan,0,0,0,0,751,0
13067031112,Metropolitan,0,692,0,0,527,0
13067031113,Metropolitan,0,539,0,442,3792,0
13067031114,Metropolitan,0,1033,0,0,2522,0
13067031115,Metropolitan,0,606,0,0,0,0
13067031116,Metropolitan,0,0,0,0,1469,0
13067031117,Metropolitan,0,725,0,0,3220,0
13067031118,Metropolitan,0,0,0,0,4173,0
13067031205,Metropolitan,0,1166,0,662,6713,0
13067031206,Metropolitan,0,1038,0,556,2654,0
13067031207,Metropolitan,0,1421,0,0,5781,0
13067031208,Metropolitan,0,663,0,188,1209,0
13067031209,Metropolitan,0,270,0,0,2805,0
13067031211,Metropolitan,0,0,0,0,2233,0
13067031212,Metropolitan,0,1086,0,333,3370,0
13067031306,Metropolitan,0,297,0,0,1787,0
13067031307,Metropolitan,0,590,0,77,4706,0
13067031308,Metropolitan,0,0,0,0,0,0
13067031309,Metropolitan,0,0,0,0,386,0
13067031310,Metropolitan,0,259,0,155,480,0
13067031311,Metropolitan,0,418,0,245,906,0
13067031312,Metropolitan,0,1564,0,204,3807,0
13067031313,Metropolitan,0,1016,0,0,576,0
13067031404,Metropolitan,0,2481,0,0,1749,0
13067031405,Metropolitan,0,3601,0,0,5922,0
13067031406,Metropolitan,0,3805,0,599,4101,0
13067031408,Metropolitan,0,3360,0,255,9452,0
13067031409,Metropolitan,0,834,0,198,9368,0
13067031503,Metropolitan,0,250,0,0,957,0
13067031505,Metropolitan,0,0,0,77,2199,0
13067031506,Metropolitan,0,709,0,550,5406,0
13067031507,Metropolitan,0,1175,0,0,206,0
13067031508,Metropolitan,0,0,0,190,2159,0
13067031509,Metropolitan,0,2792,0,414,1401,0
13077170100,Metropolitan,0,2035,0,457,6863,0
13077170200,Metropolitan,0,2943,0,437,2999,0
13077170303,Metropolitan,0,194,0,0,4302,0
13077170304,Metropolitan,0,1403,0,438,1792,0
13077170305,Metropolitan,0,362,0,233,1028,0
13077170306,Metropolitan,0,0,0,0,877,0
13077170402,Metropolitan,0,2141,0,77,1566,0
13077170403,Metropolitan,0,1681,0,0,1637,0
13077170404,Metropolitan,0,0,0,0,356,0
13077170405,Metropolitan,0,854,0,206,2604,0
13077170406,Metropolitan,0,842,0,303,435,0
13077170501,Metropolitan,0,0,0,0,2051,0
13077170502,Metropolitan,0,280,0,0,1381,0
13077170503,Metropolitan,0,266,0,0,278,0
13077170601,Metropolitan,0,643,0,257,6204,0
13077170602,Metropolitan,0,0,0,0,0,0
13077170603,Metropolitan,0,2711,0,493,3482,0
13077170700,Metropolitan,0,369,0,141,4527,0
13077170801,Metropolitan,0,0,0,297,3199,0
13077170802,Metropolitan,0,1521,0,280,1521,0
13089020100,Metropolitan,0,0,0,0,1252,0
13089020200,Metropolitan,0,1470,0,0,0,0
13089020300,Metropolitan,0,482,0,0,858,0
13089020400,Metropolitan,0,0,0,0,3444,0
13089020500,Metropolitan,0,686,0,0,606,0
13089020600,Metropolitan,0,485,0,972,2452,0
13089020700,Metropolitan,0,0,0,0,340,0
13089020801,Metropolitan,0,0,0,264,943,0
13089020802,Metropolitan,0,0,0,0,2364,0
13089020900,Metropolitan,0,586,0,0,676,0
13089021101,Metropolitan,0,0,0,335,906,0
13089021102,Metropolitan,0,0,0,0,130,0
13089021202,Metropolitan,0,1323,0,146,3634,0
13089021204,Metropolitan,0,0,0,0,799,0
13089021208,Metropolitan,0,1107,0,0,2720,0
13089021209,Metropolitan,0,0,0,92,3439,0
13089021210,Metropolitan,0,0,0,0,2482,0
13089021211,Metropolitan,0,278,0,0,345,0
13089021213,Metropolitan,0,129,0,155,807,0
13089021214,Metropolitan,0,0,0,0,975,0
13089021215,Metropolitan,0,882,0,988,2786,0
13089021216,Metropolitan,0,998,0,192,1521,0
13089021217,Metropolitan,0,0,0,0,2215,0
13089021218,Metropolitan,0,0,0,0,636,0
13089021301,Metropolitan,0,852,0,535,4509,0
13089021303,Metropolitan,0,1298,0,0,3108,0
13089021305,Metropolitan,0,0,0,0,0,0
13089021306,Metropolitan,0,0,0,0,0,0
13089021307,Metropolitan,0,0,0,257,687,0
13089021308,Metropolitan,0,0,0,0,1918,0
13089021405,Metropolitan,0,301,0,0,2758,0
13089021409,Metropolitan,0,0,0,0,0,0
13089021410,Metropolitan,0,0,0,162,4101,0
13089021411,Metropolitan,0,793,0,571,2010,0
13089021412,Metropolitan,0,0,0,0,2201,0
13089021413,Metropolitan,0,0,0,0,0,0
13089021414,Metropolitan,0,624,0,153,765,0
13089021415,Metropolitan,0,382,0,0,194,0
13089021416,Metropolitan,0,0,0,0,0,0
13089021417,Metropolitan,0,834,0,0,2555,0
13089021502,Metropolitan,0,0,0,0,1341,0
13089021503,Metropolitan,0,0,0,0,0,0
13089021504,Metropolitan,0,0,0,357,1625,0
13089021602,Metropolitan,0,285,0,0,777,0
13089021603,Metropolitan,0,1277,0,0,2578,0
13089021604,Metropolitan,0,386,0,148,2162,0
13089021605,Metropolitan,0,623,0,0,1292,0
13089021703,Metropolitan,0,0,0,0,2822,0
13089021704,Metropolitan,0,0,0,0,1636,0
13089021705,Metropolitan,0,291,0,145,1668,0
13089021706,Metropolitan,0,690,0,628,3522,0
13089021805,Metropolitan,0,0,0,0,1018,0
13089021806,Metropolitan,0,0,0,330,1217,0
13089021808,Metropolitan,0,0,0,0,0,0
13089021809,Metropolitan,0,350,0,0,551,0
13089021810,Metropolitan,0,0,0,0,0,0
13089021812,Metropolitan,0,0,0,0,0,0
13089021813,Metropolitan,0,0,0,0,0,0
13089021814,Metropolitan,0,0,0,84,0,0
13089021906,Metropolitan,0,0,0,0,0,0
13089021907,Metropolitan,0,0,0,0,274,0
13089021908,Metropolitan,0,0,0,0,0,0
13089021909,Metropolitan,0,0,0,0,1759,0
13089021910,Metropolitan,0,260,0,0,2439,0
13089021911,Metropolitan,0,0,0,0,0,0
13089021912,Metropolitan,0,0,0,0,314,0
13089021913,Metropolitan,0,0,0,179,1841,0
13089022001,Metropolitan,0,0,0,185,2917,0
13089022004,Metropolitan,0,0,0,0,3552,0
13089022005,Metropolitan,0,437,0,151,2526,0
13089022007,Metropolitan,0,0,0,0,0,0
13089022008,Metropolitan,0,0,353,0,762,0
13089022009,Metropolitan,0,0,0,0,0,0
13089022010,Metropolitan,0,0,0,0,3287,0
13089022100,Metropolitan,0,0,0,179,857,0
13089022203,Metropolitan,0,253,0,480,599,0
13089022204,Metropolitan,0,145,0,126,480,0
13089022301,Metropolitan,0,0,0,368,6404,0
13089022302,Metropolitan,0,0,0,0,2401,0
13089022401,Metropolitan,0,0,0,0,3191,0
13089022402,Metropolitan,0,259,0,0,7797,0
13089022403,Metropolitan,0,0,0,0,3106,0
13089022500,Metropolitan,0,0,0,0,5334,0
13089022600,Metropolitan,0,0,0,0,7226,0
13089022700,Metropolitan,0,0,0,526,3600,0
13089022800,Metropolitan,0,579,0,414,0,0
13089022900,Metropolitan,0,0,0,0,365,0
13089023000,Metropolitan,0,0,0,0,956,0
13089023101,Metropolitan,0,0,0,0,970,0
13089023102,Metropolitan,0,0,0,0,254,0
13089023107,Metropolitan,0,209,0,357,1113,0
13089023108,Metropolitan,0,0,0,0,1437,0
13089023111,Metropolitan,0,0,0,0,980,0
13089023112,Metropolitan,0,320,0,0,1617,0
13089023113,Metropolitan,0,0,0,0,0,0
13089023114,Metropolitan,0,0,0,0,1938,0
13089023115,Metropolitan,0,0,0,0,532,0
13089023204,Metropolitan,0,0,0,135,1545,0
13089023206,Metropolitan,0,0,0,0,3636,0
13089023208,Metropolitan,0,0,0,97,414,0
13089023209,Metropolitan,0,346,0,131,2144,0
13089023210,Metropolitan,0,1329,0,108,1072,0
13089023211,Metropolitan,0,0,0,225,1888,0
13089023212,Metropolitan,0,0,0,0,2292,0
13089023213,Metropolitan,0,0,0,0,915,0
13089023214,Metropolitan,0,0,0,0,903,0
13089023303,Metropolitan,0,0,0,0,4668,0
13089023306,Metropolitan,0,0,0,0,5559,0
13089023309,Metropolitan,0,0,0,0,1381,0
13089023310,Metropolitan,0,0,0,0,847,0
13089023311,Metropolitan,0,0,0,320,1539,0
13089023312,Metropolitan,0,0,0,0,2654,0
13089023313,Metropolitan,0,0,0,254,1811,0
13089023314,Metropolitan,0,0,0,0,1824,0
13089023315,Metropolitan,0,0,0,0,4226,0
13089023316,Metropolitan,0,0,0,0,0,0
13089023410,Metropolitan,0,0,0,0,1895,0
13089023411,Metropolitan,0,0,0,0,389,0
13089023412,Metropolitan,0,0,0,0,1398,0
13089023413,Metropolitan,0,0,0,0,1351,0
13089023414,Metropolitan,0,0,0,0,726,0
13089023416,Metropolitan,0,0,0,0,2059,0
13089023418,Metropolitan,0,444,0,0,6357,0
13089023419,Metropolitan,0,982,0,0,0,0
13089023421,Metropolitan,0,0,0,0,0,0
13089023422,Metropolitan,0,0,0,0,0,0
13089023423,Metropolitan,0,0,0,0,0,0
13089023424,Metropolitan,0,0,0,0,0,0
13089023425,Metropolitan,0,654,0,0,0,0
13089023426,Metropolitan,0,0,0,0,0,0
13089023427,Metropolitan,0,0,0,0,0,0
13089023428,Metropolitan,0,1725,0,445,1051,0
13089023501,Metropolitan,0,841,0,0,432,0
13089023504,Metropolitan,0,0,0,0,750,0
13089023505,Metropolitan,0,0,0,0,1365,0
13089023506,Metropolitan,0,0,0,0,52,0
13089023507,Metropolitan,0,723,0,456,2679,0
13089023601,Metropolitan,0,163,0,93,946,0
13089023602,Metropolitan,0,947,0,0,0,0
13089023603,Metropolitan,0,0,0,0,0,0
13089023700,Metropolitan,0,397,0,0,472,0
13089023801,Metropolitan,0,126,0,110,0,0
13089023802,Metropolitan,0,320,0,0,277,0
13089023803,Metropolitan,0,769,0,0,0,0
13089980000,Metropolitan,0,0,0,0,0,0
13097080102,Metropolitan,0,699,0,330,2023,0
13097080103,Metropolitan,0,0,0,0,1396,0
13097080201,Metropolitan,0,0,0,0,307,0
13097080202,Metropolitan,0,0,0,0,269,0
13097080301,Metropolitan,0,0,0,0,0,0
13097080303,Metropolitan,0,0,0,148,2337,0
13097080304,Metropolitan,0,121,0,266,1033,0
13097080402,Metropolitan,0,462,0,0,115,0
13097080403,Metropolitan,0,0,0,0,0,0
13097080404,Metropolitan,0,473,0,142,619,0
13097080505,Metropolitan,0,274,0,0,0,0
13097080506,Metropolitan,0,0,0,269,364,0
13097080507,Metropolitan,0,0,0,0,1777,0
13097080508,Metropolitan,0,0,0,0,404,0
13097080509,Metropolitan,0,0,0,0,0,0
13097080510,Metropolitan,0,0,0,0,0,0
13097080511,Metropolitan,0,784,0,0,475,0
13097080602,Metropolitan,0,0,0,0,123,0
13097080603,Metropolitan,0,0,0,0,148,0
13097080604,Metropolitan,0,727,0,0,0,0
13113140101,Metropolitan,0,3268,387,122,3577,0
13113140102,Metropolitan,0,2168,0,295,3172,0
13113140203,Metropolitan,0,1252,195,0,2026,0
13113140204,Metropolitan,0,496,0,0,2435,0
13113140206,Metropolitan,0,0,145,401,527,0
13113140207,Metropolitan,0,0,0,0,116,0
13113140208,Metropolitan,0,1172,0,307,2210,0
13113140303,Metropolitan,0,603,0,750,1828,0
13113140304,Metropolitan,0,0,0,0,736,0
13113140305,Metropolitan,0,0,0,0,2550,0
13113140306,Metropolitan,0,0,0,75,1730,0
13113140307,Metropolitan,0,1895,0,1541,4475,0
13113140403,Metropolitan,0,3878,0,103,0,0
13113140404,Metropolitan,0,503,0,0,447,0
13113140405,Metropolitan,0,887,0,0,2600,0
13113140406,Metropolitan,0,1425,0,1031,1864,0
13113140407,Metropolitan,0,75,0,0,170,0
13113140408,Metropolitan,0,1185,0,756,530,0
13113140501,Metropolitan,0,2960,0,0,879,0
13113140502,Metropolitan,0,1592,0,122,824,0
13117130101,Metropolitan,0,0,0,179,778,0
13117130102,Metropolitan,0,0,0,0,0,0
13117130103,Metropolitan,0,830,0,0,0,0
13117130104,Metropolitan,0,0,0,198,703,0
13117130105,Metropolitan,0,0,0,0,3369,0
13117130201,Metropolitan,0,401,0,0,1569,0
13117130202,Metropolitan,0,0,0,0,295,0
13117130203,Metropolitan,0,0,0,0,0,0
13117130204,Metropolitan,0,0,0,0,753,0
13117130205,Metropolitan,0,0,116,201,469,0
13117130301,Metropolitan,0,142,0,397,2211,0
13117130302,Metropolitan,0,0,0,0,442,0
13117130303,Metropolitan,0,0,0,0,1482,0
13117130304,Metropolitan,0,0,0,0,0,0
13117130305,Metropolitan,0,0,0,203,482,0
13117130306,Metropolitan,0,334,0,240,2629,0
13117130307,Metropolitan,0,215,0,0,799,0
13117130403,Metropolitan,0,209,0,115,1360,0
13117130404,Metropolitan,0,0,0,0,0,0
13117130405,Metropolitan,0,0,195,0,135,0
13117130406,Metropolitan,0,938,0,634,1396,0
13117130408,Metropolitan,0,0,0,0,0,0
13117130409,Metropolitan,0,0,0,0,320,0
13117130410,Metropolitan,0,0,0,0,159,0
13117130503,Metropolitan,0,0,0,0,2043,0
13117130504,Metropolitan,0,142,0,0,1999,0
13117130505,Metropolitan,0,0,0,0,0,0
13117130506,Metropolitan,0,0,0,0,0,0
13117130507,Metropolitan,0,0,0,0,353,0
13117130508,Metropolitan,0,1601,0,170,402,0
13117130509,Metropolitan,0,0,0,0,0,0
13117130510,Metropolitan,0,0,0,0,0,0
13117130601,Metropolitan,0,0,0,0,1787,0
13117130602,Metropolitan,0,0,0,0,0,0
13117130603,Metropolitan,0,0,0,0,0,0
13117130604,Metropolitan,0,0,0,0,209,0
13117130605,Metropolitan,0,0,0,0,0,0
13117130606,Metropolitan,0,0,0,0,0,0
13117130607,Metropolitan,0,0,0,0,0,0
13117130608,Metropolitan,0,0,0,0,0,0
13117130609,Metropolitan,0,0,0,0,0,0
13117130610,Metropolitan,0,0,0,0,1851,0
13117130611,Metropolitan,0,0,0,0,0,0
13117130612,Metropolitan,0,0,0,0,0,0
13117130613,Metropolitan,0,0,0,320,0,0
13121000100,Metropolitan,0,0,0,0,853,0
13121000200,Metropolitan,0,391,0,0,1287,0
13121000400,Metropolitan,0,214,0,271,3571,0
13121000500,Metropolitan,0,0,0,0,2278,0
13121000600,Metropolitan,0,132,0,269,330,0
13121000700,Metropolitan,0,0,0,0,187,0
13121001001,Metropolitan,0,0,0,0,432,0
13121001002,Metropolitan,0,0,0,0,1524,0
13121001100,Metropolitan,0,0,326,0,1770,0
13121001201,Metropolitan,0,0,525,0,165,0
13121001202,Metropolitan,0,0,0,0,0,0
13121001300,Metropolitan,0,0,0,129,312,0
13121001400,Metropolitan,0,0,0,0,849,0
13121001500,Metropolitan,0,252,0,531,5238,0
13121001600,Metropolitan,0,0,0,0,1905,0
13121001700,Metropolitan,0,836,0,99,784,0
13121001800,Metropolitan,0,0,0,0,201,0
13121001900,Metropolitan,0,416,298,111,1786,0
13121002100,Metropolitan,0,0,0,162,1351,0
13121002300,Metropolitan,0,0,0,0,0,0
13121002400,Metropolitan,0,0,0,0,4787,0
13121002500,Metropolitan,0,0,0,0,0,0
13121002600,Metropolitan,0,0,0,522,6016,0
13121002800,Metropolitan,0,563,0,298,1373,0
13121002900,Metropolitan,0,0,0,0,65,0
13121003000,Metropolitan,0,0,0,0,184,0
13121003100,Metropolitan,0,0,0,0,0,0
13121003200,Metropolitan,0,0,0,205,2608,0
13121003500,Metropolitan,0,1050,0,405,3349,0
13121003600,Metropolitan,0,147,0,0,249,0
13121003700,Metropolitan,0,0,0,0,651,0
13121003800,Metropolitan,0,424,0,73,815,0
13121003900,Metropolitan,0,510,0,0,0,0
13121004000,Metropolitan,0,315,0,0,976,0
13121004100,Metropolitan,0,0,0,0,555,0
13121004200,Metropolitan,0,481,0,0,1032,0
13121004300,Metropolitan,0,0,0,0,0,0
13121004400,Metropolitan,0,167,0,0,991,0
13121004800,Metropolitan,0,0,0,0,0,0
13121004900,Metropolitan,0,224,0,0,0,0
13121005000,Metropolitan,0,481,0,0,1385,0
13121005200,Metropolitan,0,0,0,0,0,0
13121005300,Metropolitan,0,138,0,167,429,0
13121005501,Metropolitan,0,0,0,0,0,0
13121005502,Metropolitan,0,0,0,0,380,0
13121005700,Metropolitan,0,0,0,0,0,0
13121005800,Metropolitan,0,0,0,0,279,0
13121006000,Metropolitan,0,0,0,0,0,0
13121006100,Metropolitan,0,163,0,0,515,0
13121006200,Metropolitan,0,0,0,0,0,0
13121006300,Metropolitan,0,0,0,0,0,0
13121006400,Metropolitan,0,0,0,0,1201,0
13121006500,Metropolitan,0,0,0,0,6055,0
13121006601,Metropolitan,0,0,0,0,0,0
13121006602,Metropolitan,0,0,0,0,2287,0
13121006700,Metropolitan,0,0,0,416,733,0
13121006801,Metropolitan,0,0,0,0,1893,0
13121006802,Metropolitan,0,730,0,0,0,0
13121006900,Metropolitan,0,0,0,0,0,0
13121007001,Metropolitan,0,0,0,0,0,0
13121007002,Metropolitan,0,0,0,0,0,0
13121007100,Metropolitan,0,0,0,0,0,0
13121007200,Metropolitan,0,1338,0,0,1715,0
13121007300,Metropolitan,0,0,0,0,274,0
13121007400,Metropolitan,0,0,0,185,562,0
13121007500,Metropolitan,0,130,0,161,1697,0
13121007602,Metropolitan,0,0,0,0,0,0
13121007603,Metropolitan,0,753,0,0,1484,0
13121007604,Metropolitan,0,0,0,0,0,0
13121007703,Metropolitan,0,0,0,0,1068,0
13121007704,Metropolitan,0,0,0,0,3068,0
13121007705,Metropolitan,0,236,0,0,1297,0
13121007706,Metropolitan,0,1952,0,0,1260,0
13121007802,Metropolitan,0,0,0,0,1759,0
13121007805,Metropolitan,0,328,164,0,5849,0
13121007806,Metropolitan,0,199,0,0,0,0
13121007807,Metropolitan,0,0,0,0,249,0
13121007808,Metropolitan,0,0,0,0,485,0
13121007900,Metropolitan,0,549,203,0,1424,0
13121008000,Metropolitan,0,0,0,309,0,0
13121008101,Metropolitan,0,369,0,138,0,0
13121008102,Metropolitan,0,330,0,460,2148,0
13121008201,Metropolitan,0,0,0,309,586,0
13121008202,Metropolitan,0,411,315,614,0,0
13121008301,Metropolitan,0,676,0,0,1194,0
13121008302,Metropolitan,0,0,0,0,1645,0
13121008400,Metropolitan,0,0,0,0,0,0
13121008500,Metropolitan,0,0,0,0,0,0
13121008601,Metropolitan,0,846,0,0,837,0
13121008602,Metropolitan,0,0,0,0,1725,0
13121008700,Metropolitan,0,0,0,324,4857,0
13121008800,Metropolitan,0,0,0,167,4183,0
13121008902,Metropolitan,0,0,0,212,4331,0
13121008903,Metropolitan,0,0,0,0,0,0
13121008904,Metropolitan,0,411,0,369,3731,0
13121009000,Metropolitan,0,0,0,0,0,0
13121009101,Metropolitan,0,182,0,0,1160,0
13121009102,Metropolitan,0,0,0,0,0,0
13121009200,Metropolitan,0,679,0,407,1925,0
13121009300,Metropolitan,0,454,0,651,710,0
13121009402,Metropolitan,0,0,0,0,595,0
13121009403,Metropolitan,0,0,0,0,0,0
13121009404,Metropolitan,0,0,0,0,0,0
13121009501,Metropolitan,0,0,0,281,1320,0
13121009502,Metropolitan,0,0,0,0,0,0
13121009601,Metropolitan,0,0,0,0,0,0
13121009602,Metropolitan,0,671,0,0,5832,0
13121009603,Metropolitan,0,0,0,0,2547,0
13121009700,Metropolitan,0,0,0,0,92,0
13121009801,Metropolitan,0,328,0,846,2641,0
13121009802,Metropolitan,0,0,0,0,722,0
13121009900,Metropolitan,0,0,0,0,0,0
13121010001,Metropolitan,0,654,0,208,890,0
13121010002,Metropolitan,0,0,0,184,2582,0
13121010106,Metropolitan,0,407,0,407,752,0
13121010107,Metropolitan,0,0,0,744,7393,0
13121010108,Metropolitan,0,0,0,387,5352,0
13121010110,Metropolitan,0,851,0,294,13525,0
13121010113,Metropolitan,0,0,0,525,1632,0
13121010114,Metropolitan,0,182,0,233,4706,0
13121010115,Metropolitan,0,0,0,0,3212,0
13121010117,Metropolitan,0,0,0,0,0,0
13121010118,Metropolitan,0,0,0,188,1165,0
13121010119,Metropolitan,0,360,0,0,0,0
13121010120,Metropolitan,0,0,0,0,0,0
13121010121,Metropolitan,0,1109,0,397,816,0
13121010122,Metropolitan,0,407,0,0,467,0
13121010123,Metropolitan,0,361,0,0,0,0
13121010204,Metropolitan,0,983,0,105,2403,0
13121010205,Metropolitan,0,0,0,184,5419,0
13121010206,Metropolitan,0,1295,0,0,1482,0
13121010208,Metropolitan,0,0,0,0,0,0
13121010209,Metropolitan,0,475,0,0,558,0
13121010210,Metropolitan,0,0,0,0,4444,0
13121010211,Metropolitan,0,0,0,118,732,0
13121010212,Metropolitan,0,0,0,358,1598,0
13121010301,Metropolitan,0,739,0,165,6564,0
13121010303,Metropolitan,0,579,0,286,8698,0
13121010304,Metropolitan,0,0,0,510,13657,0
13121010400,Metropolitan,0,446,177,1238,31902,0
13121010507,Metropolitan,0,164,0,0,2205,0
13121010508,Metropolitan,0,0,0,95,134,0
13121010510,Metropolitan,0,0,0,576,7178,0
13121010511,Metropolitan,0,165,0,0,3068,0
13121010512,Metropolitan,0,0,0,0,93,0
13121010513,Metropolitan,0,0,1575,0,5656,0
13121010514,Metropolitan,0,1846,0,129,4882,0
13121010515,Metropolitan,0,0,0,0,3810,0
13121010516,Metropolitan,0,329,0,0,756,0
13121010601,Metropolitan,0,659,0,0,652,0
13121010603,Metropolitan,0,0,0,0,180,0
13121010604,Metropolitan,0,169,0,981,1216,0
13121010800,Metropolitan,0,0,0,0,1468,0
13121011000,Metropolitan,0,0,0,330,835,0
13121011100,Metropolitan,0,0,0,0,1924,0
13121011201,Metropolitan,0,0,0,0,408,0
13121011202,Metropolitan,0,0,0,0,3633,0
13121011301,Metropolitan,0,0,0,0,1115,0
13121011303,Metropolitan,0,0,0,0,438,0
13121011305,Metropolitan,0,0,0,0,3010,0
13121011306,Metropolitan,0,0,0,0,1303,0
13121011405,Metropolitan,0,0,0,0,2105,0
13121011410,Metropolitan,0,0,0,0,3840,0
13121011411,Metropolitan,0,485,0,0,1409,0
13121011412,Metropolitan,0,0,0,291,1507,0
13121011414,Metropolitan,0,256,0,0,668,0
13121011416,Metropolitan,0,886,238,229,773,0
13121011417,Metropolitan,0,0,0,0,760,0
13121011418,Metropolitan,0,565,0,0,1564,0
13121011419,Metropolitan,0,0,703,0,3025,0
13121011420,Metropolitan,0,0,0,0,1137,0
13121011421,Metropolitan,0,0,0,0,477,0
13121011422,Metropolitan,0,167,0,233,1297,0
13121011423,Metropolitan,0,0,0,0,2039,0
13121011424,Metropolitan,0,0,0,436,2056,0
13121011425,Metropolitan,0,0,0,547,1859,0
13121011426,Metropolitan,0,0,0,0,871,0
13121011427,Metropolitan,0,0,0,0,1475,0
13121011503,Metropolitan,0,396,0,0,6086,0
13121011504,Metropolitan,0,1932,270,163,3819,0
13121011505,Metropolitan,0,638,0,0,1268,0
13121011506,Metropolitan,0,0,0,0,363,0
13121011610,Metropolitan,0,0,0,0,2385,0
13121011611,Metropolitan,0,226,0,381,7021,0
13121011612,Metropolitan,0,0,238,0,6907,0
13121011613,Metropolitan,0,0,525,174,2213,0
13121011614,Metropolitan,0,318,353,836,9487,0
13121011615,Metropolitan,0,1343,0,537,1678,0
13121011616,Metropolitan,0,238,0,0,1756,0
13121011617,Metropolitan,0,1933,0,180,3033,0
13121011618,Metropolitan,0,953,0,0,2051,0
13121011619,Metropolitan,0,345,0,216,1882,0
13121011620,Metropolitan,0,1279,370,267,3174,0
13121011621,Metropolitan,0,1596,425,1026,5251,0
13121011622,Metropolitan,0,267,0,557,5355,0
13121011623,Metropolitan,0,967,0,197,4576,0
13121011624,Metropolitan,0,746,0,435,342,0
13121011625,Metropolitan,0,153,0,300,2042,0
13121011626,Metropolitan,0,223,0,126,865,0
13121011800,Metropolitan,0,1980,0,288,2336,0
13121011900,Metropolitan,0,2825,336,2596,20163,0
13121012000,Metropolitan,0,0,0,0,4015,0
13121012300,Metropolitan,0,233,0,233,2088,0
13121980000,Metropolitan,0,2132,0,397,1413,0
13135050103,Metropolitan,0,837,223,548,2374,0
13135050105,Metropolitan,0,256,266,0,7379,0
13135050106,Metropolitan,0,0,0,0,5523,0
13135050107,Metropolitan,0,0,0,0,2263,0
13135050108,Metropolitan,0,0,0,0,0,0
13135050109,Metropolitan,0,0,0,0,0,0
13135050205,Metropolitan,0,0,0,0,0,0
13135050208,Metropolitan,0,0,0,0,1568,0
13135050209,Metropolitan,0,128,0,0,2839,0
13135050210,Metropolitan,0,0,0,0,5794,0
13135050211,Metropolitan,0,0,314,189,1749,0
13135050212,Metropolitan,0,0,0,0,2145,0
13135050213,Metropolitan,0,0,0,0,2499,0
13135050214,Metropolitan,0,0,0,0,3158,0
13135050215,Metropolitan,0,209,0,222,4499,0
13135050216,Metropolitan,0,777,0,289,1666,0
13135050217,Metropolitan,0,0,0,0,2976,0
13135050218,Metropolitan,0,0,0,0,829,0
13135050219,Metropolitan,0,0,0,0,715,0
13135050220,Metropolitan,0,0,0,0,1173,0
13135050304,Metropolitan,0,1720,265,268,2988,0
13135050306,Metropolitan,0,955,233,647,5977,0
13135050308,Metropolitan,0,628,407,302,5023,0
13135050309,Metropolitan,0,875,0,379,15439,0
13135050310,Metropolitan,0,1095,0,159,7625,0
13135050311,Metropolitan,0,0,0,275,7608,0
13135050313,Metropolitan,0,0,0,204,2735,0
13135050314,Metropolitan,0,0,0,0,970,0
13135050315,Metropolitan,0,0,0,0,154,0
13135050317,Metropolitan,0,0,0,0,0,0
13135050318,Metropolitan,0,0,0,0,0,0
13135050319,Metropolitan,0,0,0,0,559,0
13135050320,Metropolitan,0,0,0,0,1178,0
13135050321,Metropolitan,0,0,113,0,191,0
13135050322,Metropolitan,0,0,0,0,0,0
13135050410,Metropolitan,0,0,525,0,1391,0
13135050415,Metropolitan,0,0,0,0,1419,0
13135050416,Metropolitan,0,0,0,0,0,0
13135050417,Metropolitan,0,0,0,0,520,0
13135050418,Metropolitan,0,0,0,0,0,0
13135050419,Metropolitan,0,1032,0,0,612,0
13135050421,Metropolitan,0,0,0,0,429,0
13135050422,Metropolitan,0,0,0,0,564,0
13135050423,Metropolitan,0,0,0,0,218,0
13135050424,Metropolitan,0,0,0,0,1755,0
13135050425,Metropolitan,0,0,0,100,2915,0
13135050426,Metropolitan,0,0,0,0,2381,0
13135050427,Metropolitan,0,502,0,0,845,0
13135050428,Metropolitan,0,0,0,0,2044,0
13135050429,Metropolitan,0,1641,0,0,3308,0
13135050430,Metropolitan,0,0,0,345,5530,0
13135050431,Metropolitan,0,319,0,525,2425,0
13135050432,Metropolitan,0,0,0,442,4795,0
13135050433,Metropolitan,0,0,0,0,672,0
13135050434,Metropolitan,0,0,0,0,1839,0
13135050435,Metropolitan,0,0,0,0,2057,0
13135050436,Metropolitan,0,0,0,0,2750,0
13135050511,Metropolitan,0,523,0,0,8638,0
13135050520,Metropolitan,0,0,0,343,1766,0
13135050521,Metropolitan,0,367,0,272,1255,0
13135050522,Metropolitan,0,0,0,0,261,0
13135050523,Metropolitan,0,0,0,125,1898,0
13135050524,Metropolitan,0,0,0,0,798,0
13135050525,Metropolitan,0,0,0,0,2337,0
13135050526,Metropolitan,0,0,0,525,5768,0
13135050527,Metropolitan,0,0,0,0,1560,0
13135050528,Metropolitan,0,0,0,0,535,0
13135050529,Metropolitan,0,0,0,0,337,0
13135050530,Metropolitan,0,0,245,0,1513,0
13135050531,Metropolitan,0,0,198,329,3615,0
13135050532,Metropolitan,0,0,0,202,1282,0
13135050533,Metropolitan,0,0,0,0,1805,0
13135050534,Metropolitan,0,0,0,0,1649,0
13135050535,Metropolitan,0,0,0,520,1736,0
13135050536,Metropolitan,0,1242,0,122,5911,0
13135050537,Metropolitan,0,1430,0,0,3828,0
13135050538,Metropolitan,0,0,0,0,2283,0
13135050539,Metropolitan,0,0,0,0,1303,0
13135050540,Metropolitan,0,0,167,525,5385,0
13135050541,Metropolitan,0,0,0,0,0,0
13135050542,Metropolitan,0,349,0,1428,8641,0
13135050543,Metropolitan,0,0,0,0,1686,0
13135050544,Metropolitan,0,145,0,216,3035,0
13135050545,Metropolitan,0,0,430,0,1849,0
13135050546,Metropolitan,0,0,0,0,4106,0
13135050547,Metropolitan,0,0,0,163,676,0
13135050548,Metropolitan,0,0,740,575,6128,0
13135050549,Metropolitan,0,0,274,0,649,0
13135050605,Metropolitan,0,0,0,132,4417,0
13135050606,Metropolitan,0,2056,0,1096,18607,0
13135050607,Metropolitan,0,128,0,0,1650,0
13135050608,Metropolitan,0,680,388,665,12307,0
13135050609,Metropolitan,0,1385,712,446,7994,0
13135050610,Metropolitan,0,574,275,143,2840,0
13135050709,Metropolitan,0,0,346,234,6142,0
13135050712,Metropolitan,0,161,0,0,4423,0
13135050713,Metropolitan,0,180,0,0,0,0
13135050714,Metropolitan,0,0,0,0,0,0
13135050715,Metropolitan,0,0,0,85,133,0
13135050718,Metropolitan,0,4163,0,0,483,0
13135050719,Metropolitan,0,2549,0,0,0,0
13135050720,Metropolitan,0,3211,0,0,1465,0
13135050721,Metropolitan,0,1259,0,0,2781,0
13135050722,Metropolitan,0,308,0,0,0,0
13135050723,Metropolitan,0,2092,0,0,2588,0
13135050724,Metropolitan,0,2952,0,0,0,0
13135050725,Metropolitan,0,0,0,0,0,0
13135050726,Metropolitan,0,2270,0,251,1358,0
13135050727,Metropolitan,0,155,0,163,803,0
13135050728,Metropolitan,0,1283,0,380,1338,0
13135050729,Metropolitan,0,0,0,0,0,0
13135050730,Metropolitan,0,0,0,0,0,0
13135050731,Metropolitan,0,0,411,0,1743,0
13139000101,Metropolitan,0,0,290,0,2027,0
13139000102,Metropolitan,0,577,0,307,3283,0
13139000201,Metropolitan,0,0,0,0,1687,0
13139000203,Metropolitan,0,0,0,431,1412,0
13139000204,Metropolitan,0,260,260,0,3517,0
13139000302,Metropolitan,0,1578,622,271,693,0
13139000303,Metropolitan,0,563,0,0,813,0
13139000304,Metropolitan,0,0,0,0,945,0
13139000305,Metropolitan,0,161,0,0,1435,0
13139000400,Metropolitan,0,422,0,234,3825,0
13139000500,Metropolitan,0,0,0,0,2748,0
13139000600,Metropolitan,0,0,1149,166,2417,0
13139000701,Metropolitan,0,0,467,0,2945,0
13139000702,Metropolitan,0,0,0,394,1635,0
13139000800,Metropolitan,0,0,0,0,1078,0
13139000900,Metropolitan,0,0,455,0,4737,0
13139001002,Metropolitan,0,471,0,358,2459,0
13139001003,Metropolitan,0,0,838,0,576,0
13139001004,Metropolitan,0,0,0,0,268,0
13139001101,Metropolitan,0,0,0,0,851,0
13139001102,Metropolitan,0,140,424,0,1060,0
13139001201,Metropolitan,0,165,594,0,2145,0
13139001202,Metropolitan,0,0,232,258,3115,0
13139001301,Metropolitan,0,524,0,0,656,0
13139001302,Metropolitan,0,354,0,0,365,0
13139001402,Metropolitan,0,449,0,0,181,0
13139001403,Metropolitan,0,159,0,365,283,0
13139001404,Metropolitan,0,1118,0,0,574,0
13139001501,Metropolitan,0,456,0,0,869,0
13139001502,Metropolitan,0,652,0,185,279,0
13139001603,Metropolitan,0,1075,0,0,307,0
13139001604,Metropolitan,0,0,0,0,551,0
13139001605,Metropolitan,0,0,202,0,666,0
13139001606,Metropolitan,0,0,0,0,84,0
13139001607,Metropolitan,0,0,181,0,1750,0
13139001608,Metropolitan,0,586,0,0,762,0
13151070104,Metropolitan,0,323,268,0,3067,0
13151070106,Metropolitan,0,0,567,0,2048,0
13151070107,Metropolitan,0,0,0,0,484,0
13151070108,Metropolitan,0,0,0,0,1666,0
13151070109,Metropolitan,0,0,111,0,349,0
13151070110,Metropolitan,0,0,342,216,2438,0
13151070111,Metropolitan,0,0,0,262,1519,0
13151070113,Metropolitan,0,0,0,229,1049,0
13151070114,Metropolitan,0,0,0,0,1197,0
13151070202,Metropolitan,0,0,0,0,1808,0
13151070203,Metropolitan,0,1341,0,226,3037,0
13151070204,Metropolitan,0,133,0,1049,2304,0
13151070205,Metropolitan,0,605,0,0,1890,0
13151070304,Metropolitan,0,766,0,713,3469,0
13151070305,Metropolitan,0,0,0,0,2666,0
13151070306,Metropolitan,0,0,0,218,3144,0
13151070307,Metropolitan,0,0,0,338,1685,0
13151070309,Metropolitan,0,0,0,0,193,0
13151070310,Metropolitan,0,898,330,0,901,0
13151070311,Metropolitan,0,0,0,0,1973,0
13151070402,Metropolitan,0,0,0,283,571,0
13151070403,Metropolitan,0,1029,193,0,3160,0
13151070404,Metropolitan,0,213,278,0,3077,0
13151070501,Metropolitan,0,437,0,205,3442,0
13151070502,Metropolitan,0,0,0,0,5532,0
13217100100,Metropolitan,0,0,278,0,4597,0
13217100201,Metropolitan,0,0,136,0,3309,0
13217100202,Metropolitan,0,0,249,193,3271,0
13217100300,Metropolitan,0,157,0,0,8543,0
13217100400,Metropolitan,0,0,289,250,2410,0
13217100501,Metropolitan,0,0,0,0,976,0
13217100502,Metropolitan,0,0,157,184,975,0
13217100600,Metropolitan,0,0,0,0,296,0
13217100700,Metropolitan,0,0,0,0,941,0
13217100800,Metropolitan,0,0,212,282,2202,0
13217100901,Metropolitan,0,0,0,0,2765,0
13217100902,Metropolitan,0,0,0,0,2411,0
13217100903,Metropolitan,0,0,0,0,711,0
13223120101,Metropolitan,0,0,0,0,56,0
13223120102,Metropolitan,0,0,0,183,707,0
13223120103,Metropolitan,0,349,233,0,377,0
13223120104,Metropolitan,0,0,0,688,2652,0
13223120202,Metropolitan,0,0,0,227,1184,0
13223120203,Metropolitan,0,326,0,0,114,0
13223120204,Metropolitan,0,0,315,0,2653,0
13223120301,Metropolitan,0,0,0,175,1384,0
13223120302,Metropolitan,0,375,0,391,2864,0
13223120303,Metropolitan,0,458,0,0,231,0
13223120400,Metropolitan,0,0,274,640,6602,0
13223120501,Metropolitan,0,0,268,0,1780,0
13223120502,Metropolitan,0,561,0,226,186,0
13223120503,Metropolitan,0,0,0,0,1876,0
13223120601,Metropolitan,0,0,0,0,353,0
13223120602,Metropolitan,0,0,0,0,491,0
13223120603,Metropolitan,0,0,236,0,759,0
13223120604,Metropolitan,0,0,0,0,481,0
13223120605,Metropolitan,0,0,0,0,657,0
13247060101,Metropolitan,0,0,0,0,1072,0
13247060102,Metropolitan,0,0,280,0,1408,0
13247060201,Metropolitan,0,0,279,0,2031,0
13247060202,Metropolitan,0,0,0,0,2062,0
13247060304,Metropolitan,0,139,0,0,1784,0
13247060305,Metropolitan,0,575,779,0,5313,0
13247060306,Metropolitan,0,0,0,0,2325,0
13247060307,Metropolitan,0,0,0,0,1696,0
13247060308,Metropolitan,0,0,0,287,564,0
13247060309,Metropolitan,0,444,0,0,722,0
13247060403,Metropolitan,0,366,0,198,1127,0
13247060404,Metropolitan,0,1568,0,0,716,0
13247060405,Metropolitan,0,0,0,0,683,0
13247060406,Metropolitan,0,461,0,0,700,0
13247060407,Metropolitan,0,415,0,0,0,0
13255160100,Metropolitan,0,2108,0,377,861,0
13255160200,Metropolitan,0,842,139,0,3678,0
13255160300,Metropolitan,0,0,288,0,0,0
13255160400,Metropolitan,0,299,0,0,383,0
13255160500,Metropolitan,0,205,0,281,1490,0
13255160600,Metropolitan,0,0,0,0,364,0
13255160700,Metropolitan,0,0,1335,0,1240,0
13255160800,Metropolitan,0,251,185,265,3742,0
13255160900,Metropolitan,0,297,0,410,1124,0
13255161000,Metropolitan,0,0,617,0,5283,0
13255161100,Metropolitan,0,0,175,191,2146,0
13255161200,Metropolitan,0,138,0,279,3806,0
13297110100,Metropolitan,0,1015,690,0,3019,0
13297110200,Metropolitan,0,0,0,0,4091,0
13297110300,Metropolitan,0,0,0,549,3013,0
13297110400,Metropolitan,0,282,0,0,2864,0
13297110503,Metropolitan,0,0,0,0,1427,0
13297110504,Metropolitan,0,0,0,91,1593,0
13297110505,Metropolitan,0,0,0,200,1009,0
13297110506,Metropolitan,0,0,0,0,2494,0
13297110507,Metropolitan,0,399,0,0,3670,0
13297110508,Metropolitan,0,0,0,0,1049,0
13297110601,Metropolitan,0,0,0,0,892,0
13297110602,Metropolitan,0,226,0,726,14243,0
13297110603,Metropolitan,0,0,0,0,877,0
13297110700,Metropolitan,0,0,0,0,2153,0
13297110800,Metropolitan,0,0,101,382,3753,0
